FIPS,State,County,STATUS
39153,Summit County,OH,MICRO
21225,Union County,KY,NONE
21021,Boyle County,KY,MICRO
12059,Holmes County,FL,NONE
12019,Clay County,FL,MICRO
18073,Jasper County,IN,MICRO
48445,Terry County,TX,NONE
13007,Baker County,GA,MICRO
08017,Cheyenne County,CO,NONE
31025,Cass County,NE,MICRO
06079,San Luis Obispo County,CA,MICRO
31127,Nemaha County,NE,NONE
47179,Washington County,TN,MICRO
31095,Jefferson County,NE,NONE
45037,Edgefield County,SC,MICRO
20033,Comanche County,KS,NONE
48397,Rockwall County,TX,MICRO
37017,Bladen County,NC,NONE
05047,Franklin County,AR,NONE
72059,Guayanilla Municipio,PR,MICRO
25005,Bristol County,MA,MICRO
30073,Pondera County,MT,NONE
27117,Pipestone County,MN,NONE
08011,Bent County,CO,NONE
48283,La Salle County,TX,NONE
04019,Pima County,AZ,MICRO
27111,Otter Tail County,MN,MICRO
72105,Naranjito Municipio,PR,MICRO
22067,Morehouse Parish,LA,MICRO
26111,Midland County,MI,MICRO
16055,Kootenai County,ID,MICRO
25019,Nantucket County,MA,NONE
23013,Knox County,ME,NONE
17019,Champaign County,IL,MICRO
53015,Cowlitz County,WA,MICRO
12095,Orange County,FL,MICRO
01059,Franklin County,AL,NONE
48089,Colorado County,TX,NONE
39007,Ashtabula County,OH,MICRO
01069,Houston County,AL,MICRO
17191,Wayne County,IL,NONE
19029,Cass County,IA,NONE
31043,Dakota County,NE,MICRO
48063,Camp County,TX,NONE
13115,Floyd County,GA,MICRO
48375,Potter County,TX,MICRO
49053,Washington County,UT,MICRO
26079,Kalkaska County,MI,MICRO
24043,Washington County,MD,MICRO
30083,Richland County,MT,NONE
49029,Morgan County,UT,MICRO
30075,Powder River County,MT,NONE
28163,Yazoo County,MS,MICRO
36083,Rensselaer County,NY,MICRO
25009,Essex County,MA,MICRO
24029,Kent County,MD,NONE
17137,Morgan County,IL,MICRO
01023,Choctaw County,AL,NONE
19125,Marion County,IA,NONE
48231,Hunt County,TX,MICRO
47147,Robertson County,TN,MICRO
21111,Jefferson County,KY,MICRO
35037,Quay County,NM,NONE
13137,Habersham County,GA,MICRO
31109,Lancaster County,NE,MICRO
17039,De Witt County,IL,MICRO
30025,Fallon County,MT,NONE
19055,Delaware County,IA,NONE
48029,Bexar County,TX,MICRO
38035,Grand Forks County,ND,MICRO
01053,Escambia County,AL,NONE
48153,Floyd County,TX,NONE
54011,Cabell County,WV,MICRO
56015,Goshen County,WY,NONE
19041,Clay County,IA,MICRO
13151,Henry County,GA,MICRO
10003,New Castle County,DE,MICRO
42065,Jefferson County,PA,NONE
17013,Calhoun County,IL,MICRO
13009,Baldwin County,GA,MICRO
26077,Kalamazoo County,MI,MICRO
27001,Aitkin County,MN,NONE
42033,Clearfield County,PA,MICRO
13219,Oconee County,GA,MICRO
08081,Moffat County,CO,MICRO
21003,Allen County,KY,MICRO
13081,Crisp County,GA,MICRO
20123,Mitchell County,KS,NONE
51169,Scott County,VA,MICRO
72041,Cidra Municipio,PR,MICRO
05131,Sebastian County,AR,MICRO
05013,Calhoun County,AR,MICRO
42077,Lehigh County,PA,MICRO
46107,Potter County,SD,NONE
72015,Arroyo Municipio,PR,MICRO
40107,Okfuskee County,OK,NONE
48455,Trinity County,TX,MICRO
36003,Allegany County,NY,NONE
18085,Kosciusko County,IN,MICRO
31055,Douglas County,NE,MICRO
23015,Lincoln County,ME,NONE
12131,Walton County,FL,MICRO
48457,Tyler County,TX,NONE
12113,Santa Rosa County,FL,MICRO
29221,Washington County,MO,NONE
28091,Marion County,MS,NONE
51155,Pulaski County,VA,MICRO
53029,Island County,WA,MICRO
19097,Jackson County,IA,NONE
29043,Christian County,MO,MICRO
20075,Hamilton County,KS,NONE
20097,Kiowa County,KS,NONE
31049,Deuel County,NE,NONE
05093,Mississippi County,AR,MICRO
49011,Davis County,UT,MICRO
31149,Rock County,NE,NONE
39065,Hardin County,OH,NONE
04005,Coconino County,AZ,MICRO
35049,Santa Fe County,NM,MICRO
51011,Appomattox County,VA,MICRO
18033,DeKalb County,IN,MICRO
21023,Bracken County,KY,MICRO
48429,Stephens County,TX,NONE
21069,Fleming County,KY,NONE
55063,La Crosse County,WI,MICRO
42019,Butler County,PA,MICRO
19065,Fayette County,IA,NONE
36067,Onondaga County,NY,MICRO
29075,Gentry County,MO,NONE
08015,Chaffee County,CO,NONE
47141,Putnam County,TN,MICRO
01109,Pike County,AL,MICRO
29033,Carroll County,MO,NONE
48227,Howard County,TX,MICRO
13163,Jefferson County,GA,NONE
37191,Wayne County,NC,MICRO
20105,Lincoln County,KS,NONE
21073,Franklin County,KY,MICRO
26033,Chippewa County,MI,MICRO
36031,Essex County,NY,NONE
40007,Beaver County,OK,NONE
72101,Morovis Municipio,PR,MICRO
29083,Henry County,MO,NONE
06061,Placer County,CA,MICRO
24025,Harford County,MD,MICRO
45007,Anderson County,SC,MICRO
13273,Terrell County,GA,MICRO
39115,Morgan County,OH,NONE
21037,Campbell County,KY,MICRO
13065,Clinch County,GA,NONE
21115,Johnson County,KY,NONE
37011,Avery County,NC,NONE
51075,Goochland County,VA,MICRO
51830,Williamsburg city,VA,MICRO
18159,Tipton County,IN,NONE
17003,Alexander County,IL,MICRO
46023,Charles Mix County,SD,NONE
30011,Carter County,MT,NONE
20167,Russell County,KS,NONE
46077,Kingsbury County,SD,NONE
51019,Bedford County,VA,MICRO
37053,Currituck County,NC,MICRO
36035,Fulton County,NY,MICRO
48323,Maverick County,TX,MICRO
51063,Floyd County,VA,MICRO
18137,Ripley County,IN,NONE
31047,Dawson County,NE,MICRO
36049,Lewis County,NY,NONE
26099,Macomb County,MI,MICRO
13001,Appling County,GA,NONE
45051,Horry County,SC,MICRO
17127,Massac County,IL,MICRO
31121,Merrick County,NE,MICRO
20065,Graham County,KS,NONE
39111,Monroe County,OH,NONE
49037,San Juan County,UT,NONE
17163,St. Clair County,IL,MICRO
28001,Adams County,MS,MICRO
31103,Keya Paha County,NE,NONE
48071,Chambers County,TX,MICRO
47159,Smith County,TN,MICRO
08007,Archuleta County,CO,NONE
17145,Perry County,IL,NONE
08119,Teller County,CO,MICRO
22011,Beauregard Parish,LA,MICRO
22057,Lafourche Parish,LA,MICRO
29123,Madison County,MO,NONE
05033,Crawford County,AR,MICRO
42119,Union County,PA,MICRO
06055,Napa County,CA,MICRO
01127,Walker County,AL,MICRO
37083,Halifax County,NC,MICRO
06049,Modoc County,CA,NONE
45077,Pickens County,SC,MICRO
55039,Fond du Lac County,WI,MICRO
48387,Red River County,TX,NONE
05059,Hot Spring County,AR,MICRO
21125,Laurel County,KY,MICRO
06015,Del Norte County,CA,MICRO
17151,Pope County,IL,NONE
40151,Woods County,OK,NONE
05005,Baxter County,AR,MICRO
41009,Columbia County,OR,MICRO
37167,Stanly County,NC,MICRO
08063,Kit Carson County,CO,NONE
40053,Grant County,OK,NONE
51023,Botetourt County,VA,MICRO
39145,Scioto County,OH,MICRO
35053,Socorro County,NM,NONE
26097,Mackinac County,MI,NONE
04003,Cochise County,AZ,MICRO
48385,Real County,TX,NONE
08055,Huerfano County,CO,NONE
42105,Potter County,PA,NONE
21019,Boyd County,KY,MICRO
36105,Sullivan County,NY,NONE
55043,Grant County,WI,MICRO
47115,Marion County,TN,MICRO
39037,Darke County,OH,MICRO
40071,Kay County,OK,MICRO
46137,Ziebach County,SD,NONE
48053,Burnet County,TX,NONE
46013,Brown County,SD,MICRO
51045,Craig County,VA,MICRO
34033,Salem County,NJ,MICRO
37073,Gates County,NC,MICRO
47139,Polk County,TN,MICRO
37149,Polk County,NC,NONE
42041,Cumberland County,PA,MICRO
47117,Marshall County,TN,MICRO
18011,Boone County,IN,MICRO
13221,Oglethorpe County,GA,MICRO
28075,Lauderdale County,MS,MICRO
19185,Wayne County,IA,NONE
51685,Manassas Park city,VA,MICRO
21167,Mercer County,KY,NONE
19155,Pottawattamie County,IA,MICRO
48081,Coke County,TX,NONE
27023,Chippewa County,MN,NONE
21135,Lewis County,KY,NONE
24009,Calvert County,MD,MICRO
48199,Hardin County,TX,MICRO
19083,Hardin County,IA,NONE
13225,Peach County,GA,MICRO
42047,Elk County,PA,NONE
50003,Bennington County,VT,MICRO
27147,Steele County,MN,MICRO
29227,Worth County,MO,NONE
21089,Greenup County,KY,MICRO
48217,Hill County,TX,NONE
42121,Venango County,PA,MICRO
06053,Monterey County,CA,MICRO
21127,Lawrence County,KY,NONE
12091,Okaloosa County,FL,MICRO
37133,Onslow County,NC,MICRO
20129,Morton County,KS,NONE
51041,Chesterfield County,VA,MICRO
32005,Douglas County,NV,MICRO
16087,Washington County,ID,NONE
19165,Shelby County,IA,NONE
26071,Iron County,MI,NONE
28113,Pike County,MS,MICRO
54001,Barbour County,WV,NONE
56043,Washakie County,WY,NONE
42023,Cameron County,PA,NONE
29037,Cass County,MO,MICRO
08071,Las Animas County,CO,NONE
12055,Highlands County,FL,MICRO
23005,Cumberland County,ME,MICRO
56025,Natrona County,WY,MICRO
48395,Robertson County,TX,MICRO
28141,Tishomingo County,MS,NONE
22009,Avoyelles Parish,LA,NONE
34021,Mercer County,NJ,MICRO
37099,Jackson County,NC,MICRO
31181,Webster County,NE,NONE
18109,Morgan County,IN,MICRO
13293,Upson County,GA,MICRO
40017,Canadian County,OK,MICRO
45013,Beaufort County,SC,MICRO
47069,Hardeman County,TN,NONE
38073,Ransom County,ND,NONE
20089,Jewell County,KS,NONE
21211,Shelby County,KY,MICRO
41059,Umatilla County,OR,MICRO
05089,Marion County,AR,NONE
05037,Cross County,AR,NONE
47029,Cocke County,TN,MICRO
47001,Anderson County,TN,MICRO
13193,Macon County,GA,NONE
40121,Pittsburg County,OK,MICRO
12023,Columbia County,FL,MICRO
34027,Morris County,NJ,MICRO
17135,Montgomery County,IL,NONE
42107,Schuylkill County,PA,MICRO
28049,Hinds County,MS,MICRO
26013,Baraga County,MI,NONE
40045,Ellis County,OK,NONE
08025,Crowley County,CO,NONE
49043,Summit County,UT,MICRO
55137,Waushara County,WI,NONE
17067,Hancock County,IL,MICRO
13259,Stewart County,GA,NONE
39027,Clinton County,OH,MICRO
37021,Buncombe County,NC,MICRO
51171,Shenandoah County,VA,NONE
05029,Conway County,AR,NONE
13097,Douglas County,GA,MICRO
35045,San Juan County,NM,MICRO
06113,Yolo County,CA,MICRO
40139,Texas County,OK,MICRO
31093,Howard County,NE,MICRO
48355,Nueces County,TX,MICRO
34029,Ocean County,NJ,MICRO
29023,Butler County,MO,MICRO
46043,Douglas County,SD,NONE
42051,Fayette County,PA,MICRO
19143,Osceola County,IA,NONE
29009,Barry County,MO,NONE
51085,Hanover County,VA,MICRO
47137,Pickett County,TN,NONE
35023,Hidalgo County,NM,NONE
01089,Madison County,AL,MICRO
29186,Ste. Genevieve County,MO,NONE
54057,Mineral County,WV,MICRO
48389,Reeves County,TX,MICRO
30041,Hill County,MT,NONE
49023,Juab County,UT,MICRO
29169,Pulaski County,MO,MICRO
17155,Putnam County,IL,MICRO
48249,Jim Wells County,TX,MICRO
22069,Natchitoches Parish,LA,MICRO
29179,Reynolds County,MO,NONE
20025,Clark County,KS,NONE
37151,Randolph County,NC,MICRO
13059,Clarke County,GA,MICRO
39131,Pike County,OH,NONE
39079,Jackson County,OH,MICRO
21161,Mason County,KY,MICRO
30097,Sweet Grass County,MT,NONE
38065,Oliver County,ND,MICRO
19073,Greene County,IA,NONE
02068,Denali Borough,AK,NONE
05025,Cleveland County,AR,MICRO
26121,Muskegon County,MI,MICRO
20179,Sheridan County,KS,NONE
08109,Saguache County,CO,NONE
01091,Marengo County,AL,NONE
48269,King County,TX,NONE
13099,Early County,GA,NONE
51053,Dinwiddie County,VA,MICRO
13003,Atkinson County,GA,NONE
17125,Mason County,IL,NONE
46101,Moody County,SD,NONE
21201,Robertson County,KY,NONE
41043,Linn County,OR,MICRO
29139,Montgomery County,MO,NONE
18039,Elkhart County,IN,MICRO
06111,Ventura County,CA,MICRO
26087,Lapeer County,MI,MICRO
31005,Arthur County,NE,NONE
51017,Bath County,VA,NONE
17103,Lee County,IL,MICRO
01067,Henry County,AL,MICRO
13235,Pulaski County,GA,MICRO
40021,Cherokee County,OK,MICRO
22087,St. Bernard Parish,LA,MICRO
46027,Clay County,SD,MICRO
48083,Coleman County,TX,NONE
48057,Calhoun County,TX,MICRO
20141,Osborne County,KS,NONE
48291,Liberty County,TX,MICRO
48041,Brazos County,TX,MICRO
17091,Kankakee County,IL,MICRO
20107,Linn County,KS,MICRO
13183,Long County,GA,MICRO
32023,Nye County,NV,MICRO
39041,Delaware County,OH,MICRO
40127,Pushmataha County,OK,NONE
40015,Caddo County,OK,NONE
36045,Jefferson County,NY,MICRO
47031,Coffee County,TN,MICRO
53013,Columbia County,WA,MICRO
29147,Nodaway County,MO,MICRO
40111,Okmulgee County,OK,MICRO
08121,Washington County,CO,NONE
22005,Ascension Parish,LA,MICRO
47023,Chester County,TN,MICRO
08009,Baca County,CO,NONE
31071,Garfield County,NE,NONE
54109,Wyoming County,WV,NONE
26039,Crawford County,MI,NONE
42091,Montgomery County,PA,MICRO
72017,Barceloneta Municipio,PR,MICRO
21043,Carter County,KY,NONE
54065,Morgan County,WV,NONE
05147,Woodruff County,AR,NONE
54081,Raleigh County,WV,MICRO
47009,Blount County,TN,MICRO
72039,Ciales Municipio,PR,MICRO
31119,Madison County,NE,MICRO
16015,Boise County,ID,MICRO
42083,McKean County,PA,MICRO
08099,Prowers County,CO,NONE
37111,McDowell County,NC,MICRO
29057,Dade County,MO,NONE
02282,Yakutat City and Borough,AK,NONE
05021,Clay County,AR,NONE
16011,Bingham County,ID,MICRO
72099,Moca Municipio,PR,MICRO
31133,Pawnee County,NE,NONE
39057,Greene County,OH,MICRO
37005,Alleghany County,NC,NONE
26145,Saginaw County,MI,MICRO
37025,Cabarrus County,NC,MICRO
17117,Macoupin County,IL,MICRO
39151,Stark County,OH,MICRO
48215,Hidalgo County,TX,MICRO
47003,Bedford County,TN,MICRO
29105,Laclede County,MO,MICRO
37117,Martin County,NC,NONE
48477,Washington County,TX,MICRO
46029,Codington County,SD,MICRO
32029,Storey County,NV,MICRO
19121,Madison County,IA,MICRO
21237,Wolfe County,KY,NONE
20043,Doniphan County,KS,MICRO
39043,Erie County,OH,MICRO
29177,Ray County,MO,MICRO
26081,Kent County,MI,MICRO
29017,Bollinger County,MO,MICRO
46085,Lyman County,SD,NONE
17123,Marshall County,IL,MICRO
51193,Westmoreland County,VA,NONE
28137,Tate County,MS,MICRO
09005,Litchfield County,CT,MICRO
31075,Grant County,NE,NONE
47143,Rhea County,TN,MICRO
55133,Waukesha County,WI,MICRO
31117,McPherson County,NE,MICRO
27073,Lac qui Parle County,MN,NONE
48399,Runnels County,TX,NONE
22021,Caldwell Parish,LA,NONE
17001,Adams County,IL,MICRO
08075,Logan County,CO,MICRO
27011,Big Stone County,MN,NONE
46135,Yankton County,SD,MICRO
47185,White County,TN,NONE
21183,Ohio County,KY,NONE
48461,Upton County,TX,NONE
35041,Roosevelt County,NM,MICRO
06059,Orange County,CA,MICRO
53045,Mason County,WA,MICRO
32011,Eureka County,NV,MICRO
04007,Gila County,AZ,MICRO
51021,Bland County,VA,NONE
37115,Madison County,NC,MICRO
36041,Hamilton County,NY,NONE
28019,Choctaw County,MS,NONE
20003,Anderson County,KS,NONE
72031,Carolina Municipio,PR,MICRO
33003,Carroll County,NH,NONE
46073,Jerauld County,SD,NONE
16029,Caribou County,ID,NONE
51047,Culpeper County,VA,MICRO
27129,Renville County,MN,NONE
54009,Brooke County,WV,MICRO
17159,Richland County,IL,NONE
34035,Somerset County,NJ,MICRO
54103,Wetzel County,WV,NONE
41063,Wallowa County,OR,NONE
21165,Menifee County,KY,MICRO
16085,Valley County,ID,NONE
12085,Martin County,FL,MICRO
19039,Clarke County,IA,NONE
01131,Wilcox County,AL,NONE
18121,Parke County,IN,NONE
30109,Wibaux County,MT,NONE
13131,Grady County,GA,NONE
17055,Franklin County,IL,NONE
53035,Kitsap County,WA,MICRO
39163,Vinton County,OH,NONE
21007,Ballard County,KY,MICRO
17025,Clay County,IL,NONE
47149,Rutherford County,TN,MICRO
18171,Warren County,IN,NONE
34023,Middlesex County,NJ,MICRO
13263,Talbot County,GA,NONE
39009,Athens County,OH,MICRO
17075,Iroquois County,IL,NONE
26067,Ionia County,MI,MICRO
31125,Nance County,NE,NONE
25025,Suffolk County,MA,MICRO
42055,Franklin County,PA,MICRO
51840,Winchester city,VA,MICRO
28067,Jones County,MS,MICRO
02110,Juneau City and Borough,AK,MICRO
34015,Gloucester County,NJ,MICRO
29183,St. Charles County,MO,MICRO
04015,Mohave County,AZ,MICRO
26117,Montcalm County,MI,MICRO
24045,Wicomico County,MD,MICRO
49041,Sevier County,UT,NONE
31155,Saunders County,NE,MICRO
21107,Hopkins County,KY,MICRO
47153,Sequatchie County,TN,MICRO
46009,Bon Homme County,SD,NONE
55005,Barron County,WI,NONE
19087,Henry County,IA,NONE
66010,Guam,GU,NONE
36015,Chemung County,NY,MICRO
28119,Quitman County,MS,NONE
42073,Lawrence County,PA,MICRO
16013,Blaine County,ID,MICRO
36039,Greene County,NY,NONE
42125,Washington County,PA,MICRO
28089,Madison County,MS,MICRO
13321,Worth County,GA,MICRO
32510,Carson City,NV,MICRO
28061,Jasper County,MS,MICRO
18021,Clay County,IN,MICRO
18079,Jennings County,IN,MICRO
13071,Colquitt County,GA,MICRO
29005,Atchison County,MO,NONE
72069,Humacao Municipio,PR,MICRO
13209,Montgomery County,GA,MICRO
10001,Kent County,DE,MICRO
42013,Blair County,PA,MICRO
48287,Lee County,TX,NONE
26021,Berrien County,MI,MICRO
38081,Sargent County,ND,NONE
53075,Whitman County,WA,MICRO
17061,Greene County,IL,NONE
34013,Essex County,NJ,MICRO
01039,Covington County,AL,NONE
37169,Stokes County,NC,MICRO
24037,St. Mary's County,MD,MICRO
34025,Monmouth County,NJ,MICRO
31137,Phelps County,NE,NONE
47037,Davidson County,TN,MICRO
21047,Christian County,KY,MICRO
26057,Gratiot County,MI,MICRO
13105,Elbert County,GA,NONE
29157,Perry County,MO,NONE
53071,Walla Walla County,WA,MICRO
19153,Polk County,IA,MICRO
21123,Larue County,KY,MICRO
20187,Stanton County,KS,NONE
48175,Goliad County,TX,MICRO
13223,Paulding County,GA,MICRO
35009,Curry County,NM,MICRO
55049,Iowa County,WI,MICRO
72115,Quebradillas Municipio,PR,MICRO
02270,Wade Hampton Census Area,AK,NONE
36087,Rockland County,NY,MICRO
28125,Sharkey County,MS,NONE
17193,White County,IL,NONE
28149,Warren County,MS,MICRO
26133,Osceola County,MI,NONE
18049,Fulton County,IN,NONE
54017,Doddridge County,WV,MICRO
12003,Baker County,FL,MICRO
48051,Burleson County,TX,MICRO
12077,Liberty County,FL,NONE
37145,Person County,NC,MICRO
56035,Sublette County,WY,NONE
30029,Flathead County,MT,MICRO
39135,Preble County,OH,NONE
27069,Kittson County,MN,NONE
30045,Judith Basin County,MT,NONE
21143,Lyon County,KY,NONE
12115,Sarasota County,FL,MICRO
17029,Coles County,IL,MICRO
02100,Haines Borough,AK,NONE
17033,Crawford County,IL,NONE
54049,Marion County,WV,MICRO
17057,Fulton County,IL,MICRO
48007,Aransas County,TX,MICRO
20041,Dickinson County,KS,NONE
35003,Catron County,NM,NONE
12069,Lake County,FL,MICRO
48021,Bastrop County,TX,MICRO
27013,Blue Earth County,MN,MICRO
37063,Durham County,NC,MICRO
48129,Donley County,TX,NONE
36119,Westchester County,NY,MICRO
32019,Lyon County,NV,MICRO
48023,Baylor County,TX,NONE
17121,Marion County,IL,MICRO
26143,Roscommon County,MI,NONE
39107,Mercer County,OH,MICRO
48331,Milam County,TX,NONE
20145,Pawnee County,KS,NONE
01085,Lowndes County,AL,MICRO
16007,Bear Lake County,ID,NONE
13289,Twiggs County,GA,MICRO
01103,Morgan County,AL,MICRO
22123,West Carroll Parish,LA,NONE
17109,McDonough County,IL,MICRO
31033,Cheyenne County,NE,NONE
38011,Bowman County,ND,NONE
51119,Middlesex County,VA,NONE
55021,Columbia County,WI,MICRO
48135,Ector County,TX,MICRO
08091,Ouray County,CO,NONE
04025,Yavapai County,AZ,MICRO
19183,Washington County,IA,MICRO
08077,Mesa County,CO,MICRO
51125,Nelson County,VA,MICRO
37045,Cleveland County,NC,MICRO
06039,Madera County,CA,MICRO
56033,Sheridan County,WY,MICRO
34003,Bergen County,NJ,MICRO
28111,Perry County,MS,MICRO
18069,Huntington County,IN,MICRO
46053,Gregory County,SD,NONE
22003,Allen Parish,LA,NONE
28087,Lowndes County,MS,MICRO
19117,Lucas County,IA,NONE
18001,Adams County,IN,MICRO
08101,Pueblo County,CO,MICRO
16045,Gem County,ID,MICRO
21049,Clark County,KY,MICRO
23011,Kennebec County,ME,MICRO
36033,Franklin County,NY,MICRO
17171,Scott County,IL,MICRO
48409,San Patricio County,TX,MICRO
01021,Chilton County,AL,MICRO
29091,Howell County,MO,MICRO
19145,Page County,IA,NONE
54069,Ohio County,WV,MICRO
45035,Dorchester County,SC,MICRO
27037,Dakota County,MN,MICRO
37015,Bertie County,NC,NONE
13301,Warren County,GA,NONE
51043,Clarke County,VA,MICRO
48453,Travis County,TX,MICRO
17079,Jasper County,IL,NONE
30063,Missoula County,MT,MICRO
31157,Scotts Bluff County,NE,MICRO
05069,Jefferson County,AR,MICRO
39129,Pickaway County,OH,MICRO
36101,Steuben County,NY,MICRO
72147,Vieques Municipio,PR,NONE
17199,Williamson County,IL,MICRO
06047,Merced County,CA,MICRO
26141,Presque Isle County,MI,NONE
39089,Licking County,OH,MICRO
51730,Petersburg city,VA,MICRO
17007,Boone County,IL,MICRO
13315,Wilcox County,GA,NONE
33005,Cheshire County,NH,MICRO
48367,Parker County,TX,MICRO
36093,Schenectady County,NY,MICRO
06107,Tulare County,CA,MICRO
47085,Humphreys County,TN,NONE
54025,Greenbrier County,WV,NONE
18149,Starke County,IN,NONE
48191,Hall County,TX,NONE
48111,Dallam County,TX,NONE
51610,Falls Church city,VA,MICRO
16049,Idaho County,ID,NONE
39035,Cuyahoga County,OH,MICRO
31001,Adams County,NE,MICRO
51107,Loudoun County,VA,MICRO
19151,Pocahontas County,IA,NONE
05019,Clark County,AR,MICRO
44001,Bristol County,RI,MICRO
29153,Ozark County,MO,NONE
19099,Jasper County,IA,MICRO
37181,Vance County,NC,MICRO
72049,Culebra Municipio,PR,NONE
17063,Grundy County,IL,MICRO
38053,McKenzie County,ND,NONE
47007,Bledsoe County,TN,NONE
54019,Fayette County,WV,MICRO
18179,Wells County,IN,MICRO
45039,Fairfield County,SC,MICRO
31101,Keith County,NE,NONE
27071,Koochiching County,MN,NONE
38037,Grant County,ND,NONE
24039,Somerset County,MD,MICRO
31009,Blaine County,NE,NONE
01101,Montgomery County,AL,MICRO
50019,Orleans County,VT,NONE
40147,Washington County,OK,MICRO
18165,Vermillion County,IN,MICRO
13093,Dooly County,GA,NONE
48417,Shackelford County,TX,NONE
17141,Ogle County,IL,MICRO
26031,Cheboygan County,MI,NONE
18161,Union County,IN,MICRO
48087,Collingsworth County,TX,NONE
54047,McDowell County,WV,NONE
29167,Polk County,MO,MICRO
38105,Williams County,ND,MICRO
51700,Newport News city,VA,MICRO
45047,Greenwood County,SC,MICRO
26089,Leelanau County,MI,MICRO
27121,Pope County,MN,NONE
06073,San Diego County,CA,MICRO
24023,Garrett County,MD,NONE
05129,Searcy County,AR,NONE
72011,Anasco Municipio,PR,MICRO
31169,Thayer County,NE,NONE
48313,Madison County,TX,NONE
34041,Warren County,NJ,MICRO
27167,Wilkin County,MN,MICRO
20113,McPherson County,KS,MICRO
22089,St. Charles Parish,LA,MICRO
55041,Forest County,WI,NONE
38049,McHenry County,ND,MICRO
21083,Graves County,KY,MICRO
06081,San Mateo County,CA,MICRO
36097,Schuyler County,NY,NONE
13045,Carroll County,GA,MICRO
19173,Taylor County,IA,NONE
55109,St. Croix County,WI,MICRO
13251,Screven County,GA,NONE
24047,Worcester County,MD,MICRO
19175,Union County,IA,NONE
20127,Morris County,KS,NONE
21147,McCreary County,KY,NONE
38101,Ward County,ND,MICRO
37069,Franklin County,NC,MICRO
13037,Calhoun County,GA,NONE
13205,Mitchell County,GA,NONE
42021,Cambria County,PA,MICRO
49001,Beaver County,UT,NONE
48251,Johnson County,TX,MICRO
20071,Greeley County,KS,NONE
40119,Payne County,OK,MICRO
18023,Clinton County,IN,MICRO
47169,Trousdale County,TN,MICRO
40093,Major County,OK,NONE
13017,Ben Hill County,GA,MICRO
42099,Perry County,PA,MICRO
42045,Delaware County,PA,MICRO
13279,Toombs County,GA,MICRO
31083,Harlan County,NE,NONE
19003,Adams County,IA,NONE
46121,Todd County,SD,NONE
51650,Hampton city,VA,MICRO
37199,Yancey County,NC,NONE
47091,Johnson County,TN,NONE
48383,Reagan County,TX,NONE
49031,Piute County,UT,NONE
48329,Midland County,TX,MICRO
13247,Rockdale County,GA,MICRO
21057,Cumberland County,KY,NONE
01045,Dale County,AL,MICRO
17203,Woodford County,IL,MICRO
40083,Logan County,OK,MICRO
08103,Rio Blanco County,CO,NONE
40085,Love County,OK,NONE
05109,Pike County,AR,NONE
48285,Lavaca County,TX,NONE
48365,Panola County,TX,NONE
51089,Henry County,VA,MICRO
48103,Crane County,TX,NONE
31065,Furnas County,NE,NONE
48459,Upshur County,TX,MICRO
13291,Union County,GA,NONE
21081,Grant County,KY,MICRO
16041,Franklin County,ID,MICRO
13187,Lumpkin County,GA,NONE
27065,Kanabec County,MN,NONE
45019,Charleston County,SC,MICRO
55123,Vernon County,WI,NONE
01015,Calhoun County,AL,MICRO
05145,White County,AR,MICRO
28027,Coahoma County,MS,MICRO
02090,Fairbanks North Star Borough,AK,MICRO
22065,Madison Parish,LA,NONE
16057,Latah County,ID,MICRO
51660,Harrisonburg city,VA,MICRO
01019,Cherokee County,AL,NONE
13011,Banks County,GA,NONE
47177,Warren County,TN,MICRO
45061,Lee County,SC,NONE
13145,Harris County,GA,MICRO
46079,Lake County,SD,NONE
48279,Lamb County,TX,NONE
01129,Washington County,AL,NONE
29149,Oregon County,MO,NONE
36077,Otsego County,NY,MICRO
19079,Hamilton County,IA,NONE
54093,Tucker County,WV,NONE
51550,Chesapeake city,VA,MICRO
26029,Charlevoix County,MI,NONE
44007,Providence County,RI,MICRO
19085,Harrison County,IA,MICRO
49045,Tooele County,UT,MICRO
27091,Martin County,MN,NONE
28013,Calhoun County,MS,NONE
47027,Clay County,TN,NONE
45005,Allendale County,SC,NONE
45049,Hampton County,SC,NONE
27025,Chisago County,MN,MICRO
17101,Lawrence County,IL,NONE
41031,Jefferson County,OR,NONE
01083,Limestone County,AL,MICRO
46007,Bennett County,SD,NONE
22001,Acadia Parish,LA,MICRO
47005,Benton County,TN,NONE
19107,Keokuk County,IA,NONE
31041,Custer County,NE,NONE
17149,Pike County,IL,NONE
30089,Sanders County,MT,NONE
22107,Tensas Parish,LA,NONE
39081,Jefferson County,OH,MICRO
37019,Brunswick County,NC,MICRO
50025,Windham County,VT,NONE
42061,Huntingdon County,PA,MICRO
69110,Saipan Municipality,MP,NONE
35059,Union County,NM,NONE
27055,Houston County,MN,MICRO
13253,Seminole County,GA,NONE
13179,Liberty County,GA,MICRO
45031,Darlington County,SC,MICRO
29007,Audrain County,MO,MICRO
27119,Polk County,MN,MICRO
29195,Saline County,MO,MICRO
51137,Orange County,VA,NONE
04017,Navajo County,AZ,MICRO
27109,Olmsted County,MN,MICRO
13265,Taliaferro County,GA,NONE
39061,Hamilton County,OH,MICRO
48011,Armstrong County,TX,MICRO
48185,Grimes County,TX,NONE
48427,Starr County,TX,MICRO
51173,Smyth County,VA,NONE
26027,Cass County,MI,MICRO
46075,Jones County,SD,NONE
38077,Richland County,ND,MICRO
51001,Accomack County,VA,NONE
30043,Jefferson County,MT,MICRO
29045,Clark County,MO,MICRO
21079,Garrard County,KY,NONE
26023,Branch County,MI,MICRO
72109,Patillas Municipio,PR,MICRO
05009,Boone County,AR,MICRO
20023,Cheyenne County,KS,NONE
45055,Kershaw County,SC,MICRO
26003,Alger County,MI,NONE
02240,Southeast Fairbanks Census Area,AK,NONE
72067,Hormigueros Municipio,PR,MICRO
17085,Jo Daviess County,IL,NONE
19015,Boone County,IA,MICRO
16059,Lemhi County,ID,NONE
38029,Emmons County,ND,NONE
13109,Evans County,GA,NONE
47089,Jefferson County,TN,MICRO
48495,Winkler County,TX,NONE
22063,Livingston Parish,LA,MICRO
32015,Lander County,NV,NONE
02150,Kodiak Island Borough,AK,NONE
05031,Craighead County,AR,MICRO
13141,Hancock County,GA,MICRO
47013,Campbell County,TN,MICRO
18123,Perry County,IN,NONE
20151,Pratt County,KS,NONE
40125,Pottawatomie County,OK,MICRO
13295,Walker County,GA,MICRO
27087,Mahnomen County,MN,NONE
54085,Ritchie County,WV,NONE
18163,Vanderburgh County,IN,MICRO
27047,Freeborn County,MN,MICRO
46031,Corson County,SD,NONE
21209,Scott County,KY,MICRO
21139,Livingston County,KY,MICRO
51678,Lexington city,VA,NONE
12037,Franklin County,FL,NONE
72063,Gurabo Municipio,PR,MICRO
55075,Marinette County,WI,MICRO
22085,Sabine Parish,LA,NONE
12049,Hardee County,FL,MICRO
29071,Franklin County,MO,MICRO
35033,Mora County,NM,NONE
37039,Cherokee County,NC,NONE
27151,Swift County,MN,NONE
21219,Todd County,KY,NONE
19077,Guthrie County,IA,MICRO
31171,Thomas County,NE,NONE
38041,Hettinger County,ND,NONE
21149,McLean County,KY,MICRO
30061,Mineral County,MT,NONE
20131,Nemaha County,KS,NONE
08029,Delta County,CO,NONE
30055,McCone County,MT,NONE
26015,Barry County,MI,MICRO
48425,Somervell County,TX,MICRO
35021,Harding County,NM,NONE
26049,Genesee County,MI,MICRO
13125,Glascock County,GA,NONE
28051,Holmes County,MS,NONE
24015,Cecil County,MD,MICRO
55045,Green County,WI,MICRO
39073,Hocking County,OH,MICRO
72057,Guayama Municipio,PR,MICRO
20055,Finney County,KS,MICRO
46069,Hyde County,SD,NONE
31073,Gosper County,NE,MICRO
36109,Tompkins County,NY,MICRO
01119,Sumter County,AL,NONE
55107,Rusk County,WI,NONE
13075,Cook County,GA,NONE
26035,Clare County,MI,NONE
53059,Skamania County,WA,MICRO
55101,Racine County,WI,MICRO
13201,Miller County,GA,NONE
46021,Campbell County,SD,NONE
12099,Palm Beach County,FL,MICRO
29171,Putnam County,MO,NONE
30111,Yellowstone County,MT,MICRO
05003,Ashley County,AR,NONE
39045,Fairfield County,OH,MICRO
18081,Johnson County,IN,MICRO
51091,Highland County,VA,NONE
12079,Madison County,FL,NONE
08019,Clear Creek County,CO,MICRO
13311,White County,GA,NONE
28121,Rankin County,MS,MICRO
09013,Tolland County,CT,MICRO
33011,Hillsborough County,NH,MICRO
18129,Posey County,IN,MICRO
38015,Burleigh County,ND,MICRO
21105,Hickman County,KY,NONE
47127,Moore County,TN,MICRO
29117,Livingston County,MO,NONE
37029,Camden County,NC,MICRO
19113,Linn County,IA,MICRO
22025,Catahoula Parish,LA,NONE
47081,Hickman County,TN,MICRO
05083,Logan County,AR,NONE
41047,Marion County,OR,MICRO
47047,Fayette County,TN,MICRO
51630,Fredericksburg city,VA,MICRO
08069,Larimer County,CO,MICRO
26107,Mecosta County,MI,MICRO
06045,Mendocino County,CA,MICRO
56019,Johnson County,WY,NONE
22099,St. Martin Parish,LA,MICRO
42127,Wayne County,PA,NONE
48485,Wichita County,TX,MICRO
72051,Dorado Municipio,PR,MICRO
56023,Lincoln County,WY,NONE
48203,Harrison County,TX,MICRO
21029,Bullitt County,KY,MICRO
42075,Lebanon County,PA,MICRO
30057,Madison County,MT,NONE
48069,Castro County,TX,NONE
28153,Wayne County,MS,NONE
72005,Aguadilla Municipio,PR,MICRO
48435,Sutton County,TX,NONE
49027,Millard County,UT,NONE
54023,Grant County,WV,NONE
26095,Luce County,MI,NONE
20099,Labette County,KS,MICRO
46049,Faulk County,SD,NONE
18065,Henry County,IN,MICRO
48139,Ellis County,TX,MICRO
56029,Park County,WY,NONE
72023,Cabo Rojo Municipio,PR,MICRO
06035,Lassen County,CA,MICRO
29103,Knox County,MO,NONE
29079,Grundy County,MO,NONE
39109,Miami County,OH,MICRO
31123,Morrill County,NE,NONE
48127,Dimmit County,TX,NONE
50027,Windsor County,VT,MICRO
47041,DeKalb County,TN,NONE
08053,Hinsdale County,CO,NONE
13169,Jones County,GA,MICRO
40011,Blaine County,OK,NONE
40033,Cotton County,OK,MICRO
22071,Orleans Parish,LA,MICRO
31087,Hitchcock County,NE,NONE
37195,Wilson County,NC,MICRO
30023,Deer Lodge County,MT,NONE
29047,Clay County,MO,MICRO
48473,Waller County,TX,MICRO
34037,Sussex County,NJ,MICRO
48165,Gaines County,TX,NONE
02261,Valdez-Cordova Census Area,AK,NONE
49019,Grand County,UT,NONE
19033,Cerro Gordo County,IA,MICRO
20177,Shawnee County,KS,MICRO
55087,Outagamie County,WI,MICRO
13233,Polk County,GA,MICRO
08107,Routt County,CO,MICRO
49033,Rich County,UT,NONE
13157,Jackson County,GA,MICRO
22017,Caddo Parish,LA,MICRO
30017,Custer County,MT,NONE
21035,Calloway County,KY,MICRO
18153,Sullivan County,IN,MICRO
35051,Sierra County,NM,NONE
55121,Trempealeau County,WI,NONE
22041,Franklin Parish,LA,NONE
46057,Hamlin County,SD,NONE
05063,Independence County,AR,MICRO
55078,Menominee County,WI,MICRO
27113,Pennington County,MN,NONE
48471,Walker County,TX,MICRO
31017,Brown County,NE,NONE
31161,Sheridan County,NE,NONE
40145,Wagoner County,OK,MICRO
37113,Macon County,NC,NONE
48373,Polk County,TX,NONE
19049,Dallas County,IA,MICRO
45067,Marion County,SC,NONE
72131,San Sebastian Municipio,PR,MICRO
60010,Eastern District,AS,NONE
13155,Irwin County,GA,NONE
37175,Transylvania County,NC,MICRO
05075,Lawrence County,AR,NONE
27125,Red Lake County,MN,NONE
47067,Hancock County,TN,NONE
28117,Prentiss County,MS,NONE
09007,Middlesex County,CT,MICRO
31167,Stanton County,NE,MICRO
32017,Lincoln County,NV,NONE
45057,Lancaster County,SC,MICRO
20157,Republic County,KS,NONE
28055,Issaquena County,MS,NONE
18019,Clark County,IN,MICRO
53031,Jefferson County,WA,NONE
51135,Nottoway County,VA,NONE
13257,Stephens County,GA,MICRO
54039,Kanawha County,WV,MICRO
08049,Grand County,CO,NONE
28103,Noxubee County,MS,NONE
51181,Surry County,VA,NONE
54045,Logan County,WV,MICRO
45063,Lexington County,SC,MICRO
31069,Garden County,NE,NONE
47161,Stewart County,TN,NONE
05091,Miller County,AR,MICRO
02275,Wrangell City and Borough,AK,NONE
21217,Taylor County,KY,MICRO
55051,Iron County,WI,NONE
48341,Moore County,TX,MICRO
21063,Elliott County,KY,NONE
01061,Geneva County,AL,MICRO
40073,Kingfisher County,OK,NONE
05123,St. Francis County,AR,MICRO
20205,Wilson County,KS,NONE
42039,Crawford County,PA,MICRO
40009,Beckham County,OK,MICRO
20189,Stevens County,KS,NONE
36027,Dutchess County,NY,MICRO
42123,Warren County,PA,MICRO
21117,Kenton County,KY,MICRO
06003,Alpine County,CA,NONE
02105,Hoonah-Angoon Census Area,AK,NONE
48159,Franklin County,TX,NONE
01037,Coosa County,AL,MICRO
31159,Seward County,NE,MICRO
13287,Turner County,GA,NONE
48361,Orange County,TX,MICRO
37171,Surry County,NC,MICRO
18077,Jefferson County,IN,MICRO
72139,Trujillo Alto Municipio,PR,MICRO
37197,Yadkin County,NC,MICRO
38089,Stark County,ND,MICRO
39033,Crawford County,OH,MICRO
53065,Stevens County,WA,MICRO
29097,Jasper County,MO,MICRO
16031,Cassia County,ID,MICRO
32033,White Pine County,NV,NONE
08033,Dolores County,CO,NONE
21179,Nelson County,KY,MICRO
02060,Bristol Bay Borough,AK,NONE
20111,Lyon County,KS,MICRO
18103,Miami County,IN,MICRO
36123,Yates County,NY,MICRO
17083,Jersey County,IL,MICRO
46113,Shannon County,SD,NONE
39023,Clark County,OH,MICRO
27093,Meeker County,MN,NONE
13043,Candler County,GA,NONE
48475,Ward County,TX,NONE
37001,Alamance County,NC,MICRO
53011,Clark County,WA,MICRO
48439,Tarrant County,TX,MICRO
20149,Pottawatomie County,KS,MICRO
21133,Letcher County,KY,NONE
56037,Sweetwater County,WY,MICRO
72143,Vega Alta Municipio,PR,MICRO
38001,Adams County,ND,NONE
28063,Jefferson County,MS,NONE
37183,Wake County,NC,MICRO
01065,Hale County,AL,MICRO
29225,Webster County,MO,MICRO
51103,Lancaster County,VA,NONE
26139,Ottawa County,MI,MICRO
20165,Rush County,KS,NONE
38071,Ramsey County,ND,NONE
47083,Houston County,TN,NONE
36017,Chenango County,NY,NONE
28029,Copiah County,MS,MICRO
01079,Lawrence County,AL,MICRO
51029,Buckingham County,VA,MICRO
22015,Bossier Parish,LA,MICRO
42059,Greene County,PA,NONE
51127,New Kent County,VA,MICRO
39159,Union County,OH,MICRO
16065,Madison County,ID,MICRO
06085,Santa Clara County,CA,MICRO
51101,King William County,VA,MICRO
37033,Caswell County,NC,NONE
39125,Paulding County,OH,NONE
48257,Kaufman County,TX,MICRO
19149,Plymouth County,IA,MICRO
51109,Louisa County,VA,NONE
29111,Lewis County,MO,MICRO
41007,Clatsop County,OR,MICRO
39161,Van Wert County,OH,MICRO
19025,Calhoun County,IA,NONE
41003,Benton County,OR,MICRO
31179,Wayne County,NE,NONE
53069,Wahkiakum County,WA,NONE
18139,Rush County,IN,NONE
26019,Benzie County,MI,MICRO
29067,Douglas County,MO,NONE
39101,Marion County,OH,MICRO
26159,Van Buren County,MI,MICRO
35043,Sandoval County,NM,MICRO
20125,Montgomery County,KS,MICRO
25007,Dukes County,MA,MICRO
27161,Waseca County,MN,NONE
31051,Dixon County,NE,MICRO
55119,Taylor County,WI,NONE
40051,Grady County,OK,MICRO
21229,Washington County,KY,NONE
29077,Greene County,MO,MICRO
40041,Delaware County,OK,NONE
32013,Humboldt County,NV,MICRO
31097,Johnson County,NE,NONE
19131,Mitchell County,IA,NONE
18135,Randolph County,IN,NONE
12119,Sumter County,FL,MICRO
33007,Coos County,NH,MICRO
18117,Orange County,IN,NONE
18025,Crawford County,IN,NONE
38051,McIntosh County,ND,NONE
13307,Webster County,GA,NONE
51049,Cumberland County,VA,NONE
39087,Lawrence County,OH,MICRO
27157,Wabasha County,MN,MICRO
55053,Jackson County,WI,NONE
51117,Mecklenburg County,VA,NONE
31183,Wheeler County,NE,NONE
13027,Brooks County,GA,MICRO
20081,Haskell County,KS,NONE
48497,Wise County,TX,MICRO
36115,Washington County,NY,MICRO
72053,Fajardo Municipio,PR,MICRO
13313,Whitfield County,GA,MICRO
18059,Hancock County,IN,MICRO
54041,Lewis County,WV,NONE
72093,Maricao Municipio,PR,NONE
18145,Shelby County,IN,MICRO
72021,Bayamon Municipio,PR,MICRO
05135,Sharp County,AR,NONE
13185,Lowndes County,GA,MICRO
27017,Carlton County,MN,MICRO
55011,Buffalo County,WI,NONE
51015,Augusta County,VA,MICRO
17081,Jefferson County,IL,MICRO
28037,Franklin County,MS,NONE
56001,Albany County,WY,MICRO
47171,Unicoi County,TN,MICRO
13107,Emanuel County,GA,NONE
01047,Dallas County,AL,MICRO
40089,McCurtain County,OK,NONE
19001,Adair County,IA,NONE
21041,Carroll County,KY,NONE
46115,Spink County,SD,NONE
55117,Sheboygan County,WI,MICRO
37131,Northampton County,NC,MICRO
13029,Bryan County,GA,MICRO
42037,Columbia County,PA,MICRO
28157,Wilkinson County,MS,NONE
20159,Rice County,KS,NONE
24011,Caroline County,MD,NONE
42005,Armstrong County,PA,MICRO
37071,Gaston County,NC,MICRO
29115,Linn County,MO,NONE
18095,Madison County,IN,MICRO
19091,Humboldt County,IA,NONE
13305,Wayne County,GA,MICRO
29219,Warren County,MO,MICRO
26045,Eaton County,MI,MICRO
39025,Clermont County,OH,MICRO
37065,Edgecombe County,NC,MICRO
48027,Bell County,TX,MICRO
22115,Vernon Parish,LA,MICRO
23003,Aroostook County,ME,NONE
40035,Craig County,OK,NONE
54077,Preston County,WV,MICRO
48151,Fisher County,TX,NONE
13089,DeKalb County,GA,MICRO
27153,Todd County,MN,NONE
20203,Wichita County,KS,NONE
21119,Knott County,KY,NONE
17189,Washington County,IL,NONE
35006,Cibola County,NM,MICRO
28085,Lincoln County,MS,MICRO
45091,York County,SC,MICRO
26017,Bay County,MI,MICRO
28017,Chickasaw County,MS,NONE
40143,Tulsa County,OK,MICRO
21045,Casey County,KY,NONE
28123,Scott County,MS,NONE
18115,Ohio County,IN,MICRO
28047,Harrison County,MS,MICRO
42095,Northampton County,PA,MICRO
29027,Callaway County,MO,MICRO
06075,San Francisco County,CA,MICRO
08023,Costilla County,CO,NONE
54079,Putnam County,WV,MICRO
29173,Ralls County,MO,MICRO
51515,Bedford city,VA,MICRO
29205,Shelby County,MO,NONE
19159,Ringgold County,IA,NONE
37163,Sampson County,NC,NONE
48401,Rusk County,TX,MICRO
72125,San German Municipio,PR,MICRO
37057,Davidson County,NC,MICRO
21231,Wayne County,KY,NONE
06115,Yuba County,CA,MICRO
05023,Cleburne County,AR,NONE
19139,Muscatine County,IA,MICRO
31039,Cuming County,NE,NONE
41011,Coos County,OR,MICRO
20103,Leavenworth County,KS,MICRO
06021,Glenn County,CA,NONE
48099,Coryell County,TX,MICRO
26051,Gladwin County,MI,NONE
31141,Platte County,NE,MICRO
06031,Kings County,CA,MICRO
26105,Mason County,MI,MICRO
39013,Belmont County,OH,MICRO
51097,King and Queen County,VA,NONE
27169,Winona County,MN,MICRO
13013,Barrow County,GA,MICRO
18003,Allen County,IN,MICRO
19043,Clayton County,IA,NONE
08111,San Juan County,CO,NONE
19005,Allamakee County,IA,NONE
28161,Yalobusha County,MS,NONE
29059,Dallas County,MO,MICRO
42113,Sullivan County,PA,NONE
40113,Osage County,OK,MICRO
06023,Humboldt County,CA,MICRO
08037,Eagle County,CO,MICRO
37187,Washington County,NC,NONE
46125,Turner County,SD,MICRO
13285,Troup County,GA,MICRO
55091,Pepin County,WI,NONE
48467,Van Zandt County,TX,NONE
22013,Bienville Parish,LA,NONE
29063,DeKalb County,MO,MICRO
48177,Gonzales County,TX,NONE
13181,Lincoln County,GA,MICRO
17107,Logan County,IL,MICRO
33017,Strafford County,NH,MICRO
48225,Houston County,TX,NONE
21227,Warren County,KY,MICRO
72097,Mayaguez Municipio,PR,MICRO
48451,Tom Green County,TX,MICRO
17065,Hamilton County,IL,NONE
30105,Valley County,MT,NONE
13039,Camden County,GA,MICRO
40103,Noble County,OK,NONE
48311,McMullen County,TX,NONE
48213,Henderson County,TX,MICRO
53077,Yakima County,WA,MICRO
08003,Alamosa County,CO,NONE
51680,Lynchburg city,VA,MICRO
31003,Antelope County,NE,NONE
13091,Dodge County,GA,NONE
21223,Trimble County,KY,MICRO
39017,Butler County,OH,MICRO
55141,Wood County,WI,MICRO
31015,Boyd County,NE,NONE
13101,Echols County,GA,MICRO
20047,Edwards County,KS,NONE
47051,Franklin County,TN,MICRO
51177,Spotsylvania County,VA,MICRO
54101,Webster County,WV,NONE
48097,Cooke County,TX,MICRO
19181,Warren County,IA,MICRO
72095,Maunabo Municipio,PR,MICRO
35039,Rio Arriba County,NM,MICRO
29069,Dunklin County,MO,MICRO
21189,Owsley County,KY,NONE
20019,Chautauqua County,KS,NONE
16063,Lincoln County,ID,MICRO
19081,Hancock County,IA,NONE
38069,Pierce County,ND,NONE
01095,Marshall County,AL,MICRO
38083,Sheridan County,ND,NONE
55013,Burnett County,WI,NONE
20135,Ness County,KS,NONE
48303,Lubbock County,TX,MICRO
13095,Dougherty County,GA,MICRO
06091,Sierra County,CA,NONE
38085,Sioux County,ND,MICRO
31139,Pierce County,NE,MICRO
20039,Decatur County,KS,NONE
48305,Lynn County,TX,MICRO
12089,Nassau County,FL,MICRO
56011,Crook County,WY,NONE
29109,Lawrence County,MO,NONE
48061,Cameron County,TX,MICRO
37095,Hyde County,NC,NONE
01055,Etowah County,AL,MICRO
21095,Harlan County,KY,NONE
39071,Highland County,OH,NONE
16069,Nez Perce County,ID,MICRO
42035,Clinton County,PA,MICRO
48447,Throckmorton County,TX,NONE
36025,Delaware County,NY,NONE
53051,Pend Oreille County,WA,MICRO
12101,Pasco County,FL,MICRO
51153,Prince William County,VA,MICRO
49017,Garfield County,UT,NONE
01001,Autauga County,AL,MICRO
37109,Lincoln County,NC,MICRO
13215,Muscogee County,GA,MICRO
20073,Greenwood County,KS,NONE
50021,Rutland County,VT,MICRO
17161,Rock Island County,IL,MICRO
20037,Crawford County,KS,MICRO
31053,Dodge County,NE,MICRO
27173,Yellow Medicine County,MN,NONE
78030,St. Thomas Island,VI,NONE
38055,McLean County,ND,NONE
26011,Arenac County,MI,NONE
48033,Borden County,TX,NONE
51740,Portsmouth city,VA,MICRO
48267,Kimble County,TX,NONE
16061,Lewis County,ID,NONE
41017,Deschutes County,OR,MICRO
20095,Kingman County,KS,MICRO
37077,Granville County,NC,MICRO
19179,Wapello County,IA,MICRO
13129,Gordon County,GA,MICRO
05007,Benton County,AR,MICRO
53007,Chelan County,WA,MICRO
47105,Loudon County,TN,MICRO
40141,Tillman County,OK,NONE
40135,Sequoyah County,OK,MICRO
13191,McIntosh County,GA,MICRO
55059,Kenosha County,WI,MICRO
22109,Terrebonne Parish,LA,MICRO
48155,Foard County,TX,NONE
54013,Calhoun County,WV,NONE
30021,Dawson County,MT,NONE
72103,Naguabo Municipio,PR,MICRO
36085,Richmond County,NY,MICRO
48043,Brewster County,TX,NONE
19105,Jones County,IA,MICRO
05117,Prairie County,AR,NONE
55029,Door County,WI,NONE
30095,Stillwater County,MT,NONE
46033,Custer County,SD,MICRO
42031,Clarion County,PA,NONE
27009,Benton County,MN,MICRO
39105,Meigs County,OH,NONE
39099,Mahoning County,OH,MICRO
18155,Switzerland County,IN,NONE
48059,Callahan County,TX,MICRO
46087,McCook County,SD,MICRO
05049,Fulton County,AR,NONE
39085,Lake County,OH,MICRO
25011,Franklin County,MA,MICRO
47129,Morgan County,TN,MICRO
06057,Nevada County,CA,MICRO
55079,Milwaukee County,WI,MICRO
55037,Florence County,WI,MICRO
16047,Gooding County,ID,NONE
26055,Grand Traverse County,MI,MICRO
05113,Polk County,AR,NONE
01097,Mobile County,AL,MICRO
20031,Coffey County,KS,NONE
37031,Carteret County,NC,MICRO
40069,Johnston County,OK,NONE
05137,Stone County,AR,NONE
22103,St. Tammany Parish,LA,MICRO
02185,North Slope Borough,AK,NONE
36005,Bronx County,NY,MICRO
06009,Calaveras County,CA,NONE
22091,St. Helena Parish,LA,MICRO
56039,Teton County,WY,MICRO
13189,McDuffie County,GA,MICRO
42109,Snyder County,PA,MICRO
48297,Live Oak County,TX,NONE
46099,Minnehaha County,SD,MICRO
31023,Butler County,NE,NONE
21005,Anderson County,KY,MICRO
54083,Randolph County,WV,MICRO
48141,El Paso County,TX,MICRO
37067,Forsyth County,NC,MICRO
55035,Eau Claire County,WI,MICRO
20017,Chase County,KS,NONE
20091,Johnson County,KS,MICRO
48013,Atascosa County,TX,MICRO
23001,Androscoggin County,ME,MICRO
39119,Muskingum County,OH,MICRO
29051,Cole County,MO,MICRO
51690,Martinsville city,VA,MICRO
36121,Wyoming County,NY,NONE
40059,Harper County,OK,NONE
48293,Limestone County,TX,NONE
39091,Logan County,OH,MICRO
37105,Lee County,NC,MICRO
05121,Randolph County,AR,NONE
18147,Spencer County,IN,NONE
54031,Hardy County,WV,NONE
08061,Kiowa County,CO,NONE
01133,Winston County,AL,NONE
19023,Butler County,IA,NONE
18151,Steuben County,IN,MICRO
38057,Mercer County,ND,NONE
20185,Stafford County,KS,NONE
12007,Bradford County,FL,NONE
39121,Noble County,OH,NONE
20169,Saline County,KS,MICRO
39169,Wayne County,OH,MICRO
30037,Golden Valley County,MT,MICRO
33009,Grafton County,NH,MICRO
29089,Howard County,MO,NONE
05127,Scott County,AR,NONE
29145,Newton County,MO,MICRO
37009,Ashe County,NC,NONE
28155,Webster County,MS,NONE
08125,Yuma County,CO,NONE
26109,Menominee County,MI,MICRO
20015,Butler County,KS,MICRO
37085,Harnett County,NC,MICRO
19031,Cedar County,IA,NONE
28007,Attala County,MS,NONE
20029,Cloud County,KS,NONE
06105,Trinity County,CA,NONE
37123,Montgomery County,NC,NONE
18007,Benton County,IN,MICRO
28053,Humphreys County,MS,NONE
13199,Meriwether County,GA,MICRO
31173,Thurston County,NE,NONE
37049,Craven County,NC,MICRO
20085,Jackson County,KS,MICRO
48319,Mason County,TX,NONE
05055,Greene County,AR,MICRO
72029,Canovanas Municipio,PR,MICRO
01071,Jackson County,AL,MICRO
46111,Sanborn County,SD,NONE
17051,Fayette County,IL,NONE
17023,Clark County,IL,NONE
48415,Scurry County,TX,MICRO
72149,Villalba Municipio,PR,MICRO
22119,Webster Parish,LA,MICRO
48229,Hudspeth County,TX,MICRO
18037,Dubois County,IN,MICRO
29099,Jefferson County,MO,MICRO
38063,Nelson County,ND,NONE
21195,Pike County,KY,NONE
20147,Phillips County,KS,NONE
41039,Lane County,OR,MICRO
12127,Volusia County,FL,MICRO
45069,Marlboro County,SC,MICRO
55027,Dodge County,WI,MICRO
29015,Benton County,MO,NONE
26155,Shiawassee County,MI,MICRO
36073,Orleans County,NY,MICRO
13049,Charlton County,GA,NONE
51810,Virginia Beach city,VA,MICRO
28045,Hancock County,MS,MICRO
02170,Matanuska-Susitna Borough,AK,MICRO
29131,Miller County,MO,NONE
30059,Meagher County,MT,NONE
01043,Cullman County,AL,MICRO
48001,Anderson County,TX,MICRO
27043,Faribault County,MN,NONE
29011,Barton County,MO,NONE
56017,Hot Springs County,WY,NONE
39055,Geauga County,OH,MICRO
27097,Morrison County,MN,NONE
02290,Yukon-Koyukuk Census Area,AK,NONE
48157,Fort Bend County,TX,MICRO
30015,Chouteau County,MT,NONE
20053,Ellsworth County,KS,NONE
05001,Arkansas County,AR,NONE
21103,Henry County,KY,MICRO
19133,Monona County,IA,NONE
48487,Wilbarger County,TX,MICRO
48309,McLennan County,TX,MICRO
17165,Saline County,IL,NONE
26073,Isabella County,MI,MICRO
47103,Lincoln County,TN,NONE
48349,Navarro County,TX,MICRO
40095,Marshall County,OK,NONE
21215,Spencer County,KY,MICRO
51187,Warren County,VA,MICRO
28093,Marshall County,MS,MICRO
06065,Riverside County,CA,MICRO
46103,Pennington County,SD,MICRO
46105,Perkins County,SD,NONE
42057,Fulton County,PA,NONE
28083,Leflore County,MS,MICRO
37043,Clay County,NC,NONE
72081,Lares Municipio,PR,MICRO
20061,Geary County,KS,MICRO
13053,Chattahoochee County,GA,MICRO
29025,Caldwell County,MO,MICRO
48049,Brown County,TX,MICRO
48009,Archer County,TX,MICRO
04001,Apache County,AZ,NONE
31089,Holt County,NE,NONE
48243,Jeff Davis County,TX,NONE
04009,Graham County,AZ,MICRO
34009,Cape May County,NJ,MICRO
06069,San Benito County,CA,MICRO
47095,Lake County,TN,NONE
37143,Perquimans County,NC,MICRO
51113,Madison County,VA,NONE
51640,Galax city,VA,NONE
21087,Green County,KY,NONE
28059,Jackson County,MS,MICRO
47035,Cumberland County,TN,MICRO
72037,Ceiba Municipio,PR,MICRO
21207,Russell County,KY,NONE
27039,Dodge County,MN,MICRO
17119,Madison County,IL,MICRO
22097,St. Landry Parish,LA,MICRO
18167,Vigo County,IN,MICRO
38033,Golden Valley County,ND,NONE
45029,Colleton County,SC,NONE
20199,Wallace County,KS,NONE
37035,Catawba County,NC,MICRO
55093,Pierce County,WI,MICRO
72055,Guanica Municipio,PR,MICRO
37047,Columbus County,NC,NONE
54007,Braxton County,WV,NONE
22083,Richland Parish,LA,NONE
20171,Scott County,KS,NONE
40057,Harmon County,OK,NONE
37147,Pitt County,NC,MICRO
48137,Edwards County,TX,NONE
02070,Dillingham Census Area,AK,NONE
22037,East Feliciana Parish,LA,MICRO
39063,Hancock County,OH,MICRO
29125,Maries County,MO,NONE
41051,Multnomah County,OR,MICRO
35057,Torrance County,NM,MICRO
29217,Vernon County,MO,NONE
27139,Scott County,MN,MICRO
56045,Weston County,WY,NONE
17111,McHenry County,IL,MICRO
36117,Wayne County,NY,MICRO
27007,Beltrami County,MN,MICRO
31037,Colfax County,NE,NONE
01093,Marion County,AL,NONE
45011,Barnwell County,SC,NONE
40101,Muskogee County,OK,MICRO
53037,Kittitas County,WA,MICRO
41067,Washington County,OR,MICRO
40047,Garfield County,OK,MICRO
51025,Brunswick County,VA,NONE
60050,Western District,AS,NONE
18157,Tippecanoe County,IN,MICRO
17037,DeKalb County,IL,MICRO
02195,Petersburg Census Area,AK,NONE
25021,Norfolk County,MA,MICRO
38017,Cass County,ND,MICRO
28109,Pearl River County,MS,MICRO
04027,Yuma County,AZ,MICRO
37007,Anson County,NC,NONE
54071,Pendleton County,WV,NONE
29049,Clinton County,MO,MICRO
53033,King County,WA,MICRO
18173,Warrick County,IN,MICRO
12067,Lafayette County,FL,NONE
42017,Bucks County,PA,MICRO
42067,Juniata County,PA,NONE
55095,Polk County,WI,NONE
12021,Collier County,FL,MICRO
30053,Lincoln County,MT,NONE
02016,Aleutians West Census Area,AK,NONE
53001,Adams County,WA,MICRO
19129,Mills County,IA,MICRO
45021,Cherokee County,SC,MICRO
37135,Orange County,NC,MICRO
12057,Hillsborough County,FL,MICRO
12073,Leon County,FL,MICRO
13167,Johnson County,GA,MICRO
26115,Monroe County,MI,MICRO
20063,Gove County,KS,NONE
13281,Towns County,GA,NONE
55073,Marathon County,WI,MICRO
51820,Waynesboro city,VA,MICRO
21027,Breckinridge County,KY,NONE
18099,Marshall County,IN,MICRO
48039,Brazoria County,TX,MICRO
21077,Gallatin County,KY,MICRO
51590,Danville city,VA,MICRO
26165,Wexford County,MI,MICRO
48195,Hansford County,TX,NONE
13241,Rabun County,GA,NONE
72009,Aibonito Municipio,PR,MICRO
46003,Aurora County,SD,NONE
27095,Mille Lacs County,MN,MICRO
21001,Adair County,KY,NONE
23031,York County,ME,MICRO
46037,Day County,SD,NONE
17187,Warren County,IL,NONE
30085,Roosevelt County,MT,NONE
51115,Mathews County,VA,MICRO
47077,Henderson County,TN,NONE
39093,Lorain County,OH,MICRO
48173,Glasscock County,TX,MICRO
30019,Daniels County,MT,NONE
05067,Jackson County,AR,NONE
48235,Irion County,TX,MICRO
20027,Clay County,KS,NONE
29019,Boone County,MO,MICRO
31029,Chase County,NE,NONE
17139,Moultrie County,IL,NONE
28009,Benton County,MS,MICRO
27163,Washington County,MN,MICRO
47183,Weakley County,TN,MICRO
41019,Douglas County,OR,MICRO
21031,Butler County,KY,MICRO
45053,Jasper County,SC,MICRO
42009,Bedford County,PA,NONE
29127,Marion County,MO,MICRO
28003,Alcorn County,MS,MICRO
29013,Bates County,MO,MICRO
27019,Carver County,MN,MICRO
26161,Washtenaw County,MI,MICRO
47073,Hawkins County,TN,MICRO
13243,Randolph County,GA,NONE
44005,Newport County,RI,MICRO
11001,District of Columbia,DC,MICRO
55083,Oconto County,WI,MICRO
48197,Hardeman County,TX,NONE
26125,Oakland County,MI,MICRO
17015,Carroll County,IL,NONE
15001,Hawaii County,HI,MICRO
05065,Izard County,AR,NONE
53027,Grays Harbor County,WA,MICRO
17197,Will County,IL,MICRO
22007,Assumption Parish,LA,NONE
38099,Walsh County,ND,NONE
48055,Caldwell County,TX,MICRO
21159,Martin County,KY,NONE
05081,Little River County,AR,MICRO
05073,Lafayette County,AR,NONE
72033,Catano Municipio,PR,MICRO
41071,Yamhill County,OR,MICRO
48205,Hartley County,TX,NONE
13067,Cobb County,GA,MICRO
28015,Carroll County,MS,MICRO
20153,Rawlins County,KS,NONE
40091,McIntosh County,OK,NONE
24033,Prince George's County,MD,MICRO
42103,Pike County,PA,MICRO
41053,Polk County,OR,MICRO
05133,Sevier County,AR,NONE
51143,Pittsylvania County,VA,MICRO
56003,Big Horn County,WY,NONE
27021,Cass County,MN,MICRO
37097,Iredell County,NC,MICRO
28073,Lamar County,MS,MICRO
20045,Douglas County,KS,MICRO
29093,Iron County,MO,NONE
19119,Lyon County,IA,NONE
46065,Hughes County,SD,MICRO
35061,Valencia County,NM,MICRO
18113,Noble County,IN,MICRO
39097,Madison County,OH,MICRO
39003,Allen County,OH,MICRO
16079,Shoshone County,ID,NONE
17069,Hardin County,IL,NONE
36037,Genesee County,NY,MICRO
31129,Nuckolls County,NE,NONE
29031,Cape Girardeau County,MO,MICRO
47093,Knox County,TN,MICRO
37173,Swain County,NC,NONE
34005,Burlington County,NJ,MICRO
48491,Williamson County,TX,MICRO
18101,Martin County,IN,NONE
17041,Douglas County,IL,NONE
13113,Fayette County,GA,MICRO
06027,Inyo County,CA,NONE
05017,Chicot County,AR,NONE
49057,Weber County,UT,MICRO
36061,New York County,NY,MICRO
51770,Roanoke city,VA,MICRO
01113,Russell County,AL,MICRO
17153,Pulaski County,IL,NONE
21151,Madison County,KY,MICRO
51145,Powhatan County,VA,MICRO
47071,Hardin County,TN,NONE
31067,Gage County,NE,MICRO
51510,Alexandria city,VA,MICRO
47099,Lawrence County,TN,MICRO
72117,Rincon Municipio,PR,MICRO
22081,Red River Parish,LA,NONE
54037,Jefferson County,WV,MICRO
48209,Hays County,TX,MICRO
19011,Benton County,IA,MICRO
13123,Gilmer County,GA,NONE
31175,Valley County,NE,NONE
05111,Poinsett County,AR,MICRO
21197,Powell County,KY,NONE
26129,Ogemaw County,MI,NONE
31063,Frontier County,NE,NONE
72071,Isabela Municipio,PR,MICRO
31153,Sarpy County,NE,MICRO
12013,Calhoun County,FL,NONE
02020,Anchorage Municipality,AK,MICRO
48221,Hood County,TX,MICRO
18133,Putnam County,IN,MICRO
69120,Tinian Municipality,MP,NONE
17053,Ford County,IL,MICRO
13229,Pierce County,GA,MICRO
05141,Van Buren County,AR,NONE
26065,Ingham County,MI,MICRO
47055,Giles County,TN,NONE
48015,Austin County,TX,MICRO
48393,Roberts County,TX,NONE
30067,Park County,MT,NONE
04013,Maricopa County,AZ,MICRO
28151,Washington County,MS,MICRO
08039,Elbert County,CO,MICRO
54097,Upshur County,WV,NONE
40129,Roger Mills County,OK,NONE
51167,Russell County,VA,NONE
51093,Isle of Wight County,VA,MICRO
35025,Lea County,NM,MICRO
29065,Dent County,MO,NONE
55047,Green Lake County,WI,NONE
02230,Skagway Municipality,AK,NONE
55103,Richland County,WI,NONE
42115,Susquehanna County,PA,NONE
13239,Quitman County,GA,NONE
46119,Sully County,SD,MICRO
26041,Delta County,MI,MICRO
30039,Granite County,MT,NONE
22095,St. John the Baptist Parish,LA,MICRO
30009,Carbon County,MT,MICRO
47015,Cannon County,TN,MICRO
04012,La Paz County,AZ,NONE
48295,Lipscomb County,TX,NONE
46109,Roberts County,SD,NONE
19193,Woodbury County,IA,MICRO
48065,Carson County,TX,MICRO
20013,Brown County,KS,NONE
31013,Box Butte County,NE,NONE
13005,Bacon County,GA,NONE
48077,Clay County,TX,MICRO
28105,Oktibbeha County,MS,MICRO
40039,Custer County,OK,MICRO
17035,Cumberland County,IL,MICRO
31045,Dawes County,NE,NONE
20195,Trego County,KS,NONE
21011,Bath County,KY,MICRO
28147,Walthall County,MS,NONE
34031,Passaic County,NJ,MICRO
20139,Osage County,KS,MICRO
29181,Ripley County,MO,NONE
48381,Randall County,TX,MICRO
42093,Montour County,PA,MICRO
19157,Poweshiek County,IA,NONE
22043,Grant Parish,LA,MICRO
16067,Minidoka County,ID,MICRO
29209,Stone County,MO,MICRO
16073,Owyhee County,ID,MICRO
72145,Vega Baja Municipio,PR,MICRO
13245,Richmond County,GA,MICRO
23025,Somerset County,ME,NONE
30099,Teton County,MT,NONE
42111,Somerset County,PA,MICRO
45071,Newberry County,SC,MICRO
51520,Bristol city,VA,MICRO
53021,Franklin County,WA,MICRO
31135,Perkins County,NE,NONE
28077,Lawrence County,MS,NONE
27083,Lyon County,MN,MICRO
48507,Zavala County,TX,NONE
36081,Queens County,NY,MICRO
20197,Wabaunsee County,KS,MICRO
48017,Bailey County,TX,NONE
54107,Wood County,WV,MICRO
01017,Chambers County,AL,MICRO
31019,Buffalo County,NE,MICRO
54089,Summers County,WV,NONE
22033,East Baton Rouge Parish,LA,MICRO
18093,Lawrence County,IN,MICRO
28097,Montgomery County,MS,NONE
45089,Williamsburg County,SC,NONE
28081,Lee County,MS,MICRO
13195,Madison County,GA,MICRO
22029,Concordia Parish,LA,MICRO
48347,Nacogdoches County,TX,MICRO
51157,Rappahannock County,VA,MICRO
12001,Alachua County,FL,MICRO
30049,Lewis and Clark County,MT,MICRO
55009,Brown County,WI,MICRO
13207,Monroe County,GA,MICRO
17031,Cook County,IL,MICRO
50005,Caledonia County,VT,NONE
28065,Jefferson Davis County,MS,NONE
48115,Dawson County,TX,MICRO
36055,Monroe County,NY,MICRO
12097,Osceola County,FL,MICRO
54033,Harrison County,WV,MICRO
31107,Knox County,NE,NONE
02220,Sitka City and Borough,AK,NONE
19123,Mahaska County,IA,MICRO
36113,Warren County,NY,MICRO
48405,San Augustine County,TX,NONE
01029,Cleburne County,AL,NONE
20115,Marion County,KS,NONE
12039,Gadsden County,FL,MICRO
38093,Stutsman County,ND,MICRO
47181,Wayne County,TN,NONE
21193,Perry County,KY,NONE
37055,Dare County,NC,MICRO
19035,Cherokee County,IA,NONE
37161,Rutherford County,NC,MICRO
06001,Alameda County,CA,MICRO
02013,Aleutians East Borough,AK,NONE
48479,Webb County,TX,MICRO
04011,Greenlee County,AZ,NONE
18089,Lake County,IN,MICRO
48413,Schleicher County,TX,NONE
41055,Sherman County,OR,NONE
13175,Laurens County,GA,MICRO
38097,Traill County,ND,NONE
12121,Suwannee County,FL,NONE
51191,Washington County,VA,MICRO
13023,Bleckley County,GA,NONE
48281,Lampasas County,TX,MICRO
05057,Hempstead County,AR,NONE
23023,Sagadahoc County,ME,MICRO
18177,Wayne County,IN,MICRO
53063,Spokane County,WA,MICRO
13033,Burke County,GA,MICRO
19089,Howard County,IA,NONE
41015,Curry County,OR,MICRO
05041,Desha County,AR,NONE
37079,Greene County,NC,NONE
55003,Ashland County,WI,NONE
30051,Liberty County,MT,NONE
21101,Henderson County,KY,MICRO
12063,Jackson County,FL,NONE
51735,Poquoson city,VA,MICRO
48379,Rains County,TX,NONE
42089,Monroe County,PA,MICRO
48101,Cottle County,TX,NONE
36111,Ulster County,NY,MICRO
21205,Rowan County,KY,NONE
12117,Seminole County,FL,MICRO
12015,Charlotte County,FL,MICRO
38039,Griggs County,ND,NONE
47107,McMinn County,TN,MICRO
17047,Edwards County,IL,NONE
26061,Houghton County,MI,MICRO
46071,Jackson County,SD,NONE
46041,Dewey County,SD,NONE
12133,Washington County,FL,NONE
47125,Montgomery County,TN,MICRO
48377,Presidio County,TX,NONE
42117,Tioga County,PA,NONE
17201,Winnebago County,IL,MICRO
72007,Aguas Buenas Municipio,PR,MICRO
46055,Haakon County,SD,NONE
27137,St. Louis County,MN,MICRO
37189,Watauga County,NC,MICRO
48343,Morris County,TX,NONE
47075,Haywood County,TN,NONE
55007,Bayfield County,WI,NONE
22127,Winn Parish,LA,NONE
34007,Camden County,NJ,MICRO
41027,Hood River County,OR,MICRO
51111,Lunenburg County,VA,NONE
37091,Hertford County,NC,NONE
21173,Montgomery County,KY,MICRO
72119,Rio Grande Municipio,PR,MICRO
51095,James City County,VA,MICRO
46025,Clark County,SD,NONE
21109,Jackson County,KY,NONE
13297,Walton County,GA,MICRO
18035,Delaware County,IN,MICRO
18125,Pike County,IN,MICRO
29141,Morgan County,MO,NONE
38091,Steele County,ND,NONE
48469,Victoria County,TX,MICRO
48037,Bowie County,TX,MICRO
50011,Franklin County,VT,MICRO
40023,Choctaw County,OK,NONE
16019,Bonneville County,ID,MICRO
29053,Cooper County,MO,NONE
48325,Medina County,TX,MICRO
36047,Kings County,NY,MICRO
30027,Fergus County,MT,NONE
45083,Spartanburg County,SC,MICRO
27103,Nicollet County,MN,MICRO
51540,Charlottesville city,VA,MICRO
19177,Van Buren County,IA,NONE
51199,York County,VA,MICRO
45065,McCormick County,SC,NONE
22093,St. James Parish,LA,MICRO
45009,Bamberg County,SC,NONE
13309,Wheeler County,GA,NONE
01033,Colbert County,AL,MICRO
31143,Polk County,NE,NONE
36011,Cayuga County,NY,MICRO
48067,Cass County,TX,NONE
34011,Cumberland County,NJ,MICRO
28023,Clarke County,MS,MICRO
20035,Cowley County,KS,MICRO
37179,Union County,NC,MICRO
51037,Charlotte County,VA,NONE
08001,Adams County,CO,MICRO
06089,Shasta County,CA,MICRO
39149,Shelby County,OH,MICRO
28133,Sunflower County,MS,MICRO
38005,Benson County,ND,NONE
48317,Martin County,TX,MICRO
13077,Coweta County,GA,MICRO
01123,Tallapoosa County,AL,NONE
37037,Chatham County,NC,MICRO
55105,Rock County,WI,MICRO
48019,Bandera County,TX,MICRO
55085,Oneida County,WI,NONE
17021,Christian County,IL,MICRO
47135,Perry County,TN,NONE
21187,Owen County,KY,NONE
72061,Guaynabo Municipio,PR,MICRO
17027,Clinton County,IL,MICRO
13133,Greene County,GA,NONE
12123,Taylor County,FL,NONE
39113,Montgomery County,OH,MICRO
24019,Dorchester County,MD,MICRO
26157,Tuscola County,MI,NONE
45033,Dillon County,SC,NONE
19059,Dickinson County,IA,MICRO
31105,Kimball County,NE,NONE
40019,Carter County,OK,MICRO
72077,Juncos Municipio,PR,MICRO
42053,Forest County,PA,NONE
09015,Windham County,CT,MICRO
35028,Los Alamos County,NM,MICRO
54003,Berkeley County,WV,MICRO
56027,Niobrara County,WY,NONE
40063,Hughes County,OK,NONE
72003,Aguada Municipio,PR,MICRO
22117,Washington Parish,LA,MICRO
26147,St. Clair County,MI,MICRO
39075,Holmes County,OH,NONE
27085,McLeod County,MN,MICRO
56031,Platte County,WY,NONE
40061,Haskell County,OK,NONE
51099,King George County,VA,NONE
13139,Hall County,GA,MICRO
20207,Woodson County,KS,NONE
20163,Rooks County,KS,NONE
31115,Loup County,NE,NONE
54063,Monroe County,WV,NONE
13103,Effingham County,GA,MICRO
21203,Rockcastle County,KY,MICRO
54005,Boone County,WV,MICRO
48109,Culberson County,TX,NONE
31031,Cherry County,NE,NONE
18175,Washington County,IN,MICRO
27171,Wright County,MN,MICRO
51165,Rockingham County,VA,MICRO
24013,Carroll County,MD,MICRO
54055,Mercer County,WV,MICRO
48005,Angelina County,TX,MICRO
48359,Oldham County,TX,MICRO
36103,Suffolk County,NY,MICRO
17147,Piatt County,IL,MICRO
05027,Columbia County,AR,MICRO
17049,Effingham County,IL,MICRO
72111,Penuelas Municipio,PR,MICRO
55115,Shawano County,WI,MICRO
26001,Alcona County,MI,NONE
31145,Red Willow County,NE,NONE
25003,Berkshire County,MA,MICRO
29155,Pemiscot County,MO,NONE
48265,Kerr County,TX,MICRO
08027,Custer County,CO,NONE
13299,Ware County,GA,MICRO
51750,Radford city,VA,MICRO
31079,Hall County,NE,MICRO
20121,Miami County,KS,MICRO
51183,Sussex County,VA,MICRO
27133,Rock County,MN,NONE
12035,Flagler County,FL,MICRO
40025,Cimarron County,OK,NONE
27027,Clay County,MN,MICRO
72065,Hatillo Municipio,PR,MICRO
13117,Forsyth County,GA,MICRO
39019,Carroll County,OH,MICRO
18083,Knox County,IN,MICRO
13025,Brantley County,GA,MICRO
16081,Teton County,ID,MICRO
36021,Columbia County,NY,MICRO
05097,Montgomery County,AR,NONE
19147,Palo Alto County,IA,NONE
48233,Hutchinson County,TX,MICRO
41041,Lincoln County,OR,MICRO
47017,Carroll County,TN,NONE
53067,Thurston County,WA,MICRO
55057,Juneau County,WI,NONE
26025,Calhoun County,MI,MICRO
01025,Clarke County,AL,NONE
15009,Maui County,HI,MICRO
28071,Lafayette County,MS,MICRO
36091,Saratoga County,NY,MICRO
06007,Butte County,CA,MICRO
28131,Stone County,MS,NONE
36071,Orange County,NY,MICRO
22113,Vermilion Parish,LA,MICRO
48505,Zapata County,TX,MICRO
08079,Mineral County,CO,NONE
12029,Dixie County,FL,NONE
42007,Beaver County,PA,MICRO
30013,Cascade County,MT,MICRO
22027,Claiborne Parish,LA,NONE
24005,Baltimore County,MD,MICRO
42063,Indiana County,PA,MICRO
08031,Denver County,CO,MICRO
20009,Barton County,KS,MICRO
26103,Marquette County,MI,MICRO
39173,Wood County,OH,MICRO
55065,Lafayette County,WI,NONE
13271,Telfair County,GA,NONE
05035,Crittenden County,AR,MICRO
13149,Heard County,GA,MICRO
22077,Pointe Coupee Parish,LA,MICRO
20093,Kearny County,KS,MICRO
01111,Randolph County,AL,NONE
17133,Monroe County,IL,MICRO
29061,Daviess County,MO,NONE
46095,Mellette County,SD,NONE
19013,Black Hawk County,IA,MICRO
05107,Phillips County,AR,MICRO
47133,Overton County,TN,MICRO
26153,Schoolcraft County,MI,NONE
18047,Franklin County,IN,NONE
23009,Hancock County,ME,NONE
09001,Fairfield County,CT,MICRO
29129,Mercer County,MO,NONE
19057,Des Moines County,IA,MICRO
37013,Beaufort County,NC,MICRO
20133,Neosho County,KS,NONE
13249,Schley County,GA,MICRO
19071,Fremont County,IA,NONE
16025,Camas County,ID,MICRO
55089,Ozaukee County,WI,MICRO
39051,Fulton County,OH,MICRO
28005,Amite County,MS,MICRO
36089,St. Lawrence County,NY,MICRO
35055,Taos County,NM,MICRO
19135,Monroe County,IA,NONE
17011,Bureau County,IL,MICRO
51185,Tazewell County,VA,MICRO
01107,Pickens County,AL,MICRO
29163,Pike County,MO,NONE
48169,Garza County,TX,NONE
48489,Willacy County,TX,MICRO
30077,Powell County,MT,NONE
13177,Lee County,GA,MICRO
36043,Herkimer County,NY,MICRO
38043,Kidder County,ND,NONE
09011,New London County,CT,MICRO
42071,Lancaster County,PA,MICRO
53073,Whatcom County,WA,MICRO
18009,Blackford County,IN,NONE
39171,Williams County,OH,NONE
28129,Smith County,MS,NONE
72054,Florida Municipio,PR,MICRO
06019,Fresno County,CA,MICRO
37127,Nash County,NC,MICRO
08083,Montezuma County,CO,NONE
27131,Rice County,MN,MICRO
36095,Schoharie County,NY,MICRO
27079,Le Sueur County,MN,MICRO
16001,Ada County,ID,MICRO
27031,Cook County,MN,NONE
39139,Richland County,OH,MICRO
42085,Mercer County,PA,MICRO
37121,Mitchell County,NC,NONE
40123,Pontotoc County,OK,MICRO
51031,Campbell County,VA,MICRO
42001,Adams County,PA,MICRO
01011,Bullock County,AL,NONE
36023,Cortland County,NY,MICRO
21053,Clinton County,KY,NONE
48035,Bosque County,TX,NONE
13153,Houston County,GA,MICRO
06017,El Dorado County,CA,MICRO
45027,Clarendon County,SC,NONE
21067,Fayette County,KY,MICRO
48181,Grayson County,TX,MICRO
48239,Jackson County,TX,NONE
27145,Stearns County,MN,MICRO
20057,Ford County,KS,MICRO
53019,Ferry County,WA,NONE
48391,Refugio County,TX,NONE
06097,Sonoma County,CA,MICRO
46089,McPherson County,SD,NONE
27015,Brown County,MN,MICRO
34001,Atlantic County,NJ,MICRO
05079,Lincoln County,AR,MICRO
55111,Sauk County,WI,MICRO
20175,Seward County,KS,MICRO
26149,St. Joseph County,MI,MICRO
48253,Jones County,TX,MICRO
18071,Jackson County,IN,MICRO
46117,Stanley County,SD,MICRO
39067,Harrison County,OH,NONE
38025,Dunn County,ND,NONE
48403,Sabine County,TX,NONE
28069,Kemper County,MS,MICRO
22047,Iberville Parish,LA,MICRO
05115,Pope County,AR,MICRO
36065,Oneida County,NY,MICRO
27123,Ramsey County,MN,MICRO
39155,Trumbull County,OH,MICRO
20087,Jefferson County,KS,MICRO
13035,Butts County,GA,MICRO
05011,Bradley County,AR,NONE
18053,Grant County,IN,MICRO
13061,Clay County,GA,NONE
37093,Hoke County,NC,MICRO
39127,Perry County,OH,MICRO
24001,Allegany County,MD,MICRO
54051,Marshall County,WV,MICRO
47111,Macon County,TN,MICRO
51683,Manassas city,VA,MICRO
48275,Knox County,TX,NONE
19027,Carroll County,IA,NONE
39039,Defiance County,OH,MICRO
46045,Edmunds County,SD,MICRO
37165,Scotland County,NC,MICRO
49047,Uintah County,UT,MICRO
12045,Gulf County,FL,MICRO
51036,Charles City County,VA,MICRO
48161,Freestone County,TX,NONE
19075,Grundy County,IA,MICRO
30031,Gallatin County,MT,MICRO
47187,Williamson County,TN,MICRO
16023,Butte County,ID,MICRO
08087,Morgan County,CO,MICRO
39015,Brown County,OH,MICRO
54105,Wirt County,WV,MICRO
05125,Saline County,AR,MICRO
17105,Livingston County,IL,MICRO
12087,Monroe County,FL,MICRO
24041,Talbot County,MD,MICRO
38023,Divide County,ND,NONE
48193,Hamilton County,TX,NONE
16027,Canyon County,ID,MICRO
20051,Ellis County,KS,MICRO
05105,Perry County,AR,MICRO
48245,Jefferson County,TX,MICRO
13087,Decatur County,GA,MICRO
50023,Washington County,VT,MICRO
21051,Clay County,KY,NONE
72135,Toa Alta Municipio,PR,MICRO
55015,Calumet County,WI,MICRO
06099,Stanislaus County,CA,MICRO
19167,Sioux County,IA,NONE
27149,Stevens County,MN,NONE
39053,Gallia County,OH,MICRO
20117,Marshall County,KS,NONE
48183,Gregg County,TX,MICRO
17167,Sangamon County,IL,MICRO
47175,Van Buren County,TN,NONE
53039,Klickitat County,WA,NONE
54027,Hampshire County,WV,MICRO
13319,Wilkinson County,GA,NONE
42015,Bradford County,PA,MICRO
41057,Tillamook County,OR,NONE
48123,DeWitt County,TX,NONE
12107,Putnam County,FL,MICRO
42079,Luzerne County,PA,MICRO
31091,Hooker County,NE,NONE
26101,Manistee County,MI,NONE
31021,Burt County,NE,NONE
35029,Luna County,NM,MICRO
51197,Wythe County,VA,NONE
35001,Bernalillo County,NM,MICRO
51790,Staunton city,VA,MICRO
05103,Ouachita County,AR,MICRO
46051,Grant County,SD,NONE
72137,Toa Baja Municipio,PR,MICRO
19103,Johnson County,IA,MICRO
29055,Crawford County,MO,NONE
37119,Mecklenburg County,NC,MICRO
12105,Polk County,FL,MICRO
22121,West Baton Rouge Parish,LA,MICRO
47063,Hamblen County,TN,MICRO
48339,Montgomery County,TX,MICRO
35013,Dona Ana County,NM,MICRO
13217,Newton County,GA,MICRO
51580,Covington city,VA,NONE
27003,Anoka County,MN,MICRO
27067,Kandiyohi County,MN,MICRO
56041,Uinta County,WY,MICRO
53041,Lewis County,WA,MICRO
18051,Gibson County,IN,NONE
36001,Albany County,NY,MICRO
22045,Iberia Parish,LA,MICRO
54073,Pleasants County,WV,NONE
37051,Cumberland County,NC,MICRO
18105,Monroe County,IN,MICRO
13057,Cherokee County,GA,MICRO
40003,Alfalfa County,OK,NONE
37153,Richmond County,NC,MICRO
20193,Thomas County,KS,NONE
55125,Vilas County,WI,NONE
30071,Phillips County,MT,NONE
47087,Jackson County,TN,MICRO
26119,Montmorency County,MI,NONE
72019,Barranquitas Municipio,PR,MICRO
26127,Oceana County,MI,NONE
46091,Marshall County,SD,NONE
32009,Esmeralda County,NV,NONE
29001,Adair County,MO,MICRO
04023,Santa Cruz County,AZ,MICRO
13159,Jasper County,GA,MICRO
32003,Clark County,NV,MICRO
29199,Scotland County,MO,NONE
29213,Taney County,MO,MICRO
05045,Faulkner County,AR,MICRO
36075,Oswego County,NY,MICRO
28025,Clay County,MS,NONE
33001,Belknap County,NH,MICRO
50013,Grand Isle County,VT,MICRO
72035,Cayey Municipio,PR,MICRO
46011,Brookings County,SD,MICRO
72121,Sabana Grande Municipio,PR,MICRO
55113,Sawyer County,WI,NONE
45081,Saluda County,SC,MICRO
36069,Ontario County,NY,MICRO
39083,Knox County,OH,MICRO
29187,St. Francois County,MO,MICRO
17073,Henry County,IL,MICRO
30093,Silver Bow County,MT,MICRO
06029,Kern County,CA,MICRO
47079,Henry County,TN,MICRO
42129,Westmoreland County,PA,MICRO
20007,Barber County,KS,NONE
35019,Guadalupe County,NM,NONE
37061,Duplin County,NC,NONE
13269,Taylor County,GA,NONE
22073,Ouachita Parish,LA,MICRO
21157,Marshall County,KY,NONE
19051,Davis County,IA,MICRO
25017,Middlesex County,MA,MICRO
18075,Jay County,IN,NONE
29107,Lafayette County,MO,MICRO
55077,Marquette County,WI,NONE
72123,Salinas Municipio,PR,MICRO
47059,Greene County,TN,MICRO
26151,Sanilac County,MI,NONE
21181,Nicholas County,KY,NONE
08123,Weld County,CO,MICRO
37107,Lenoir County,NC,MICRO
51775,Salem city,VA,MICRO
48273,Kleberg County,TX,MICRO
47033,Crockett County,TN,MICRO
55129,Washburn County,WI,NONE
40031,Comanche County,OK,MICRO
51620,Franklin city,VA,NONE
42029,Chester County,PA,MICRO
37129,New Hanover County,NC,MICRO
21175,Morgan County,KY,NONE
19171,Tama County,IA,NONE
48357,Ochiltree County,TX,NONE
51670,Hopewell city,VA,MICRO
39147,Seneca County,OH,MICRO
32001,Churchill County,NV,MICRO
27041,Douglas County,MN,MICRO
46019,Butte County,SD,NONE
48145,Falls County,TX,MICRO
21239,Woodford County,KY,MICRO
21213,Simpson County,KY,NONE
48149,Fayette County,TX,NONE
21091,Hancock County,KY,MICRO
51163,Rockbridge County,VA,NONE
31081,Hamilton County,NE,MICRO
10005,Sussex County,DE,MICRO
12053,Hernando County,FL,MICRO
21013,Bell County,KY,MICRO
27127,Redwood County,MN,NONE
55127,Walworth County,WI,MICRO
19021,Buena Vista County,IA,MICRO
18131,Pulaski County,IN,NONE
47163,Sullivan County,TN,MICRO
27115,Pine County,MN,NONE
37027,Caldwell County,NC,MICRO
48125,Dickens County,TX,NONE
05061,Howard County,AR,NONE
48091,Comal County,TX,MICRO
17089,Kane County,IL,MICRO
51175,Southampton County,VA,NONE
55081,Monroe County,WI,NONE
26059,Hillsdale County,MI,MICRO
51003,Albemarle County,VA,MICRO
31165,Sioux County,NE,MICRO
05101,Newton County,AR,MICRO
51033,Caroline County,VA,MICRO
21185,Oldham County,KY,MICRO
19127,Marshall County,IA,MICRO
48463,Uvalde County,TX,MICRO
54095,Tyler County,WV,NONE
42087,Mifflin County,PA,MICRO
53009,Clallam County,WA,MICRO
13277,Tift County,GA,MICRO
55023,Crawford County,WI,NONE
08067,La Plata County,CO,MICRO
16033,Clark County,ID,NONE
16003,Adams County,ID,NONE
05039,Dallas County,AR,NONE
41013,Crook County,OR,MICRO
27101,Murray County,MN,NONE
72091,Manati Municipio,PR,MICRO
47151,Scott County,TN,NONE
06011,Colusa County,CA,NONE
35035,Otero County,NM,MICRO
26043,Dickinson County,MI,MICRO
37125,Moore County,NC,MICRO
13031,Bulloch County,GA,MICRO
29121,Macon County,MO,NONE
47065,Hamilton County,TN,MICRO
21169,Metcalfe County,KY,MICRO
45003,Aiken County,SC,MICRO
13121,Fulton County,GA,MICRO
48423,Smith County,TX,MICRO
47155,Sevier County,TN,MICRO
19111,Lee County,IA,MICRO
51720,Norton city,VA,MICRO
46047,Fall River County,SD,NONE
01035,Conecuh County,AL,NONE
15005,Kalawao County,HI,MICRO
30007,Broadwater County,MT,NONE
47039,Decatur County,TN,NONE
05051,Garland County,AR,MICRO
48167,Galveston County,TX,MICRO
21033,Caldwell County,KY,NONE
42049,Erie County,PA,MICRO
29081,Harrison County,MO,NONE
48431,Sterling County,TX,NONE
26085,Lake County,MI,NONE
20049,Elk County,KS,NONE
48503,Young County,TX,NONE
51595,Emporia city,VA,NONE
06101,Sutter County,CA,MICRO
17143,Peoria County,IL,MICRO
31057,Dundy County,NE,NONE
30033,Garfield County,MT,NONE
20143,Ottawa County,KS,MICRO
72129,San Lorenzo Municipio,PR,MICRO
04021,Pinal County,AZ,MICRO
02198,Prince of Wales-Hyder Census Area,AK,NONE
27141,Sherburne County,MN,MICRO
48449,Titus County,TX,MICRO
40115,Ottawa County,OK,MICRO
54099,Wayne County,WV,MICRO
01049,DeKalb County,AL,NONE
42101,Philadelphia County,PA,MICRO
01115,St. Clair County,AL,MICRO
51035,Carroll County,VA,NONE
30005,Blaine County,MT,NONE
27099,Mower County,MN,MICRO
45085,Sumter County,SC,MICRO
19069,Franklin County,IA,NONE
08005,Arapahoe County,CO,MICRO
24021,Frederick County,MD,MICRO
05149,Yell County,AR,MICRO
19007,Appanoose County,IA,NONE
06077,San Joaquin County,CA,MICRO
21015,Boone County,KY,MICRO
31177,Washington County,NE,MICRO
28035,Forrest County,MS,MICRO
55071,Manitowoc County,WI,MICRO
24035,Queen Anne's County,MD,MICRO
51059,Fairfax County,VA,MICRO
19161,Sac County,IA,NONE
27089,Marshall County,MN,NONE
08014,Broomfield County,CO,MICRO
37087,Haywood County,NC,MICRO
55031,Douglas County,WI,MICRO
06103,Tehama County,CA,MICRO
06041,Marin County,CA,MICRO
26083,Keweenaw County,MI,MICRO
48363,Palo Pinto County,TX,MICRO
54059,Mingo County,WV,NONE
18057,Hamilton County,IN,MICRO
21093,Hardin County,KY,MICRO
45025,Chesterfield County,SC,NONE
51067,Franklin County,VA,MICRO
39031,Coshocton County,OH,MICRO
40133,Seminole County,OK,NONE
13255,Spalding County,GA,MICRO
27033,Cottonwood County,MN,NONE
48327,Menard County,TX,NONE
13171,Lamar County,GA,MICRO
72075,Juana Diaz Municipio,PR,MICRO
17179,Tazewell County,IL,MICRO
36009,Cattaraugus County,NY,MICRO
27053,Hennepin County,MN,MICRO
13069,Coffee County,GA,MICRO
48045,Briscoe County,TX,NONE
23029,Washington County,ME,NONE
40153,Woodward County,OK,MICRO
38061,Mountrail County,ND,NONE
54015,Clay County,WV,MICRO
32031,Washoe County,NV,MICRO
48047,Brooks County,TX,NONE
33013,Merrimack County,NH,MICRO
18119,Owen County,IN,MICRO
72013,Arecibo Municipio,PR,MICRO
37185,Warren County,NC,NONE
12033,Escambia County,FL,MICRO
29133,Mississippi County,MO,NONE
48143,Erath County,TX,MICRO
12093,Okeechobee County,FL,MICRO
40117,Pawnee County,OK,MICRO
39047,Fayette County,OH,MICRO
41001,Baker County,OR,NONE
48419,Shelby County,TX,NONE
27143,Sibley County,MN,MICRO
28107,Panola County,MS,NONE
27105,Nobles County,MN,MICRO
20101,Lane County,KS,NONE
40043,Dewey County,OK,NONE
39059,Guernsey County,OH,MICRO
40065,Jackson County,OK,MICRO
26007,Alpena County,MI,MICRO
20137,Norton County,KS,NONE
21061,Edmonson County,KY,MICRO
48201,Harris County,TX,MICRO
20083,Hodgeman County,KS,NONE
24003,Anne Arundel County,MD,MICRO
51079,Greene County,VA,MICRO
20109,Logan County,KS,NONE
38031,Foster County,ND,NONE
49015,Emery County,UT,NONE
08065,Lake County,CO,NONE
48335,Mitchell County,TX,NONE
27049,Goodhue County,MN,MICRO
12065,Jefferson County,FL,MICRO
40075,Kiowa County,OK,NONE
47053,Gibson County,TN,NONE
31113,Logan County,NE,MICRO
39095,Lucas County,OH,MICRO
48255,Karnes County,TX,NONE
45059,Laurens County,SC,MICRO
28115,Pontotoc County,MS,MICRO
54021,Gilmer County,WV,NONE
51105,Lee County,VA,NONE
48371,Pecos County,TX,NONE
78010,St. Croix Island,VI,NONE
48075,Childress County,TX,NONE
06067,Sacramento County,CA,MICRO
02122,Kenai Peninsula Borough,AK,NONE
47189,Wilson County,TN,MICRO
20001,Allen County,KS,NONE
01075,Lamar County,AL,NONE
55055,Jefferson County,WI,MICRO
30087,Rosebud County,MT,NONE
06037,Los Angeles County,CA,MICRO
39005,Ashland County,OH,MICRO
32027,Pershing County,NV,NONE
01013,Butler County,AL,NONE
08117,Summit County,CO,MICRO
17185,Wabash County,IL,NONE
56005,Campbell County,WY,MICRO
12081,Manatee County,FL,MICRO
12011,Broward County,FL,MICRO
29197,Schuyler County,MO,MICRO
17045,Edgar County,IL,NONE
35017,Grant County,NM,MICRO
13073,Columbia County,GA,MICRO
06093,Siskiyou County,CA,NONE
36107,Tioga County,NY,MICRO
51007,Amelia County,VA,MICRO
39157,Tuscarawas County,OH,MICRO
48307,McCulloch County,TX,NONE
48031,Blanco County,TX,NONE
39029,Columbiana County,OH,MICRO
22059,La Salle Parish,LA,NONE
46061,Hanson County,SD,MICRO
54091,Taylor County,WV,MICRO
46039,Deuel County,SD,NONE
29510,St. Louis city,MO,MICRO
18107,Montgomery County,IN,MICRO
31131,Otoe County,NE,NONE
48299,Llano County,TX,NONE
19061,Dubuque County,IA,MICRO
55061,Kewaunee County,WI,MICRO
47057,Grainger County,TN,MICRO
51073,Gloucester County,VA,MICRO
48441,Taylor County,TX,MICRO
40037,Creek County,OK,MICRO
28011,Bolivar County,MS,MICRO
21059,Daviess County,KY,MICRO
20201,Washington County,KS,NONE
31099,Kearney County,NE,MICRO
20119,Meade County,KS,NONE
02130,Ketchikan Gateway Borough,AK,MICRO
46005,Beadle County,SD,MICRO
60040,Swains Island,AS,NONE
56013,Fremont County,WY,MICRO
36079,Putnam County,NY,MICRO
48105,Crockett County,TX,NONE
13317,Wilkes County,GA,NONE
26037,Clinton County,MI,MICRO
38087,Slope County,ND,NONE
25013,Hampden County,MA,MICRO
48085,Collin County,TX,MICRO
26005,Allegan County,MI,MICRO
53003,Asotin County,WA,MICRO
37155,Robeson County,NC,MICRO
13051,Chatham County,GA,MICRO
53005,Benton County,WA,MICRO
28139,Tippah County,MS,NONE
48407,San Jacinto County,TX,NONE
21009,Barren County,KY,MICRO
21177,Muhlenberg County,KY,NONE
12103,Pinellas County,FL,MICRO
51149,Prince George County,VA,MICRO
37159,Rowan County,NC,MICRO
24027,Howard County,MD,MICRO
42097,Northumberland County,PA,MICRO
44003,Kent County,RI,MICRO
29211,Sullivan County,MO,NONE
48411,San Saba County,TX,NONE
17059,Gallatin County,IL,NONE
51530,Buena Vista city,VA,NONE
13147,Hart County,GA,NONE
18063,Hendricks County,IN,MICRO
08113,San Miguel County,CO,NONE
31011,Boone County,NE,NONE
17157,Randolph County,IL,NONE
02188,Northwest Arctic Borough,AK,NONE
53017,Douglas County,WA,MICRO
54035,Jackson County,WV,NONE
13047,Catoosa County,GA,MICRO
31185,York County,NE,NONE
16039,Elmore County,ID,MICRO
18045,Fountain County,IN,NONE
30047,Lake County,MT,NONE
72001,Adjuntas Municipio,PR,MICRO
26135,Oscoda County,MI,NONE
29161,Phelps County,MO,MICRO
22023,Cameron Parish,LA,MICRO
22055,Lafayette Parish,LA,MICRO
26047,Emmet County,MI,NONE
36051,Livingston County,NY,MICRO
47119,Maury County,TN,MICRO
26113,Missaukee County,MI,MICRO
39123,Ottawa County,OH,MICRO
17183,Vermilion County,IL,MICRO
46059,Hand County,SD,NONE
08057,Jackson County,CO,NONE
50001,Addison County,VT,NONE
29203,Shannon County,MO,NONE
21131,Leslie County,KY,NONE
13161,Jeff Davis County,GA,NONE
28079,Leake County,MS,NONE
48093,Comanche County,TX,NONE
55097,Portage County,WI,MICRO
12031,Duval County,FL,MICRO
19109,Kossuth County,IA,NONE
21141,Logan County,KY,NONE
51005,Alleghany County,VA,NONE
19197,Wright County,IA,NONE
36057,Montgomery County,NY,MICRO
05119,Pulaski County,AR,MICRO
08041,El Paso County,CO,MICRO
28135,Tallahatchie County,MS,NONE
36019,Clinton County,NY,MICRO
19137,Montgomery County,IA,NONE
30079,Prairie County,MT,NONE
17129,Menard County,IL,MICRO
08021,Conejos County,CO,NONE
69085,Northern Islands Municipality,MP,NONE
50009,Essex County,VT,MICRO
26123,Newaygo County,MI,NONE
39175,Wyandot County,OH,NONE
37177,Tyrrell County,NC,MICRO
12083,Marion County,FL,MICRO
02164,Lake and Peninsula Borough,AK,NONE
72045,Comerio Municipio,PR,MICRO
36099,Seneca County,NY,MICRO
45023,Chester County,SC,MICRO
48171,Gillespie County,TX,MICRO
19141,O'Brien County,IA,NONE
18043,Floyd County,IN,MICRO
29087,Holt County,MO,NONE
42043,Dauphin County,PA,MICRO
06043,Mariposa County,CA,NONE
27075,Lake County,MN,NONE
48189,Hale County,TX,MICRO
29189,St. Louis County,MO,MICRO
45075,Orangeburg County,SC,MICRO
51121,Montgomery County,VA,MICRO
39167,Washington County,OH,MICRO
21113,Jessamine County,KY,MICRO
46129,Walworth County,SD,NONE
02050,Bethel Census Area,AK,NONE
50017,Orange County,VT,MICRO
60020,Manu'a District,AS,NONE
22053,Jefferson Davis Parish,LA,NONE
08059,Jefferson County,CO,MICRO
01041,Crenshaw County,AL,NONE
18067,Howard County,IN,MICRO
55001,Adams County,WI,NONE
41025,Harney County,OR,NONE
29165,Platte County,MO,MICRO
35011,De Baca County,NM,NONE
17113,McLean County,IL,MICRO
50007,Chittenden County,VT,MICRO
48107,Crosby County,TX,MICRO
40027,Cleveland County,OK,MICRO
48025,Bee County,TX,MICRO
37137,Pamlico County,NC,MICRO
53025,Grant County,WA,MICRO
26069,Iosco County,MI,NONE
18061,Harrison County,IN,MICRO
19053,Decatur County,IA,NONE
05095,Monroe County,AR,NONE
28143,Tunica County,MS,MICRO
29073,Gasconade County,MO,NONE
50015,Lamoille County,VT,NONE
28099,Neshoba County,MS,NONE
48119,Delta County,TX,NONE
47021,Cheatham County,TN,MICRO
47011,Bradley County,TN,MICRO
41049,Morrow County,OR,MICRO
72087,Loiza Municipio,PR,MICRO
29119,McDonald County,MO,MICRO
01125,Tuscaloosa County,AL,MICRO
08051,Gunnison County,CO,NONE
18017,Cass County,IN,MICRO
08105,Rio Grande County,CO,NONE
25027,Worcester County,MA,MICRO
13173,Lanier County,GA,MICRO
27061,Itasca County,MN,NONE
29085,Hickory County,MO,NONE
49055,Wayne County,UT,NONE
22075,Plaquemines Parish,LA,MICRO
12071,Lee County,FL,MICRO
46097,Miner County,SD,NONE
19115,Louisa County,IA,NONE
31111,Lincoln County,NE,MICRO
22101,St. Mary Parish,LA,MICRO
28101,Newton County,MS,NONE
38103,Wells County,ND,NONE
72073,Jayuya Municipio,PR,MICRO
18013,Brown County,IN,MICRO
16009,Benewah County,ID,NONE
37103,Jones County,NC,MICRO
35007,Colfax County,NM,NONE
49007,Carbon County,UT,MICRO
08095,Phillips County,CO,NONE
45073,Oconee County,SC,MICRO
51057,Essex County,VA,NONE
48465,Val Verde County,TX,MICRO
13211,Morgan County,GA,MICRO
37193,Wilkes County,NC,MICRO
29035,Carter County,MO,NONE
21153,Magoffin County,KY,NONE
19189,Winnebago County,IA,NONE
16021,Boundary County,ID,NONE
13015,Bartow County,GA,MICRO
51760,Richmond city,VA,MICRO
47025,Claiborne County,TN,NONE
55069,Lincoln County,WI,MICRO
31085,Hayes County,NE,NONE
34019,Hunterdon County,NJ,MICRO
48501,Yoakum County,TX,NONE
13019,Berrien County,GA,NONE
27159,Wadena County,MN,NONE
38045,LaMoure County,ND,NONE
05071,Johnson County,AR,NONE
37141,Pender County,NC,MICRO
42133,York County,PA,MICRO
19067,Floyd County,IA,NONE
38013,Burke County,ND,NONE
47173,Union County,TN,MICRO
08115,Sedgwick County,CO,NONE
29207,Stoddard County,MO,NONE
51087,Henrico County,VA,MICRO
01077,Lauderdale County,AL,MICRO
01105,Perry County,AL,NONE
22039,Evangeline Parish,LA,NONE
48421,Sherman County,TX,NONE
17087,Johnson County,IL,NONE
16035,Clearwater County,ID,NONE
27057,Hubbard County,MN,NONE
38095,Towner County,ND,NONE
37003,Alexander County,NC,MICRO
20181,Sherman County,KS,NONE
22051,Jefferson Parish,LA,MICRO
48207,Haskell County,TX,NONE
46093,Meade County,SD,MICRO
29095,Jackson County,MO,MICRO
18031,Decatur County,IN,MICRO
47109,McNairy County,TN,NONE
12017,Citrus County,FL,MICRO
35027,Lincoln County,NM,NONE
01057,Fayette County,AL,NONE
34039,Union County,NJ,MICRO
39165,Warren County,OH,MICRO
49005,Cache County,UT,MICRO
72083,Las Marias Municipio,PR,NONE
54043,Lincoln County,WV,MICRO
38007,Billings County,ND,NONE
23017,Oxford County,ME,NONE
13237,Putnam County,GA,NONE
12125,Union County,FL,NONE
40087,McClain County,OK,MICRO
51081,Greensville County,VA,NONE
42027,Centre County,PA,MICRO
41037,Lake County,OR,NONE
72043,Coamo Municipio,PR,MICRO
15007,Kauai County,HI,MICRO
31147,Richardson County,NE,NONE
35047,San Miguel County,NM,MICRO
01099,Monroe County,AL,NONE
05087,Madison County,AR,MICRO
55131,Washington County,WI,MICRO
21085,Grayson County,KY,NONE
13197,Marion County,GA,MICRO
37081,Guilford County,NC,MICRO
38067,Pembina County,ND,NONE
16051,Jefferson County,ID,MICRO
13111,Fannin County,GA,NONE
37157,Rockingham County,NC,MICRO
46127,Union County,SD,MICRO
09003,Hartford County,CT,MICRO
35031,McKinley County,NM,MICRO
17175,Stark County,IL,MICRO
54053,Mason County,WV,MICRO
28145,Union County,MS,NONE
30035,Glacier County,MT,NONE
53049,Pacific County,WA,NONE
41033,Josephine County,OR,MICRO
54029,Hancock County,WV,MICRO
21199,Pulaski County,KY,MICRO
32021,Mineral County,NV,NONE
72107,Orocovis Municipio,PR,MICRO
18055,Greene County,IN,NONE
47019,Carter County,TN,MICRO
48333,Mills County,TX,NONE
48131,Duval County,TX,NONE
36029,Erie County,NY,MICRO
53061,Snohomish County,WA,MICRO
21039,Carlisle County,KY,NONE
51131,Northampton County,VA,NONE
38079,Rolette County,ND,NONE
41061,Union County,OR,MICRO
01063,Greene County,AL,NONE
48481,Wharton County,TX,MICRO
46067,Hutchinson County,SD,NONE
49013,Duchesne County,UT,NONE
12129,Wakulla County,FL,MICRO
40005,Atoka County,OK,NONE
13083,Dade County,GA,MICRO
20079,Harvey County,KS,MICRO
51065,Fluvanna County,VA,MICRO
13021,Bibb County,GA,MICRO
48223,Hopkins County,TX,MICRO
25023,Plymouth County,MA,MICRO
35015,Eddy County,NM,MICRO
12047,Hamilton County,FL,NONE
42011,Berks County,PA,MICRO
55017,Chippewa County,WI,MICRO
56009,Converse County,WY,NONE
53053,Pierce County,WA,MICRO
40067,Jefferson County,OK,NONE
41029,Jackson County,OR,MICRO
26009,Antrim County,MI,NONE
26053,Gogebic County,MI,NONE
37089,Henderson County,NC,MICRO
17077,Jackson County,IL,MICRO
37059,Davie County,NC,MICRO
12111,St. Lucie County,FL,MICRO
40081,Lincoln County,OK,MICRO
41023,Grant County,OR,NONE
06095,Solano County,CA,MICRO
39021,Champaign County,OH,MICRO
06087,Santa Cruz County,CA,MICRO
39117,Morrow County,OH,MICRO
74300,Midway Islands,UM,NONE
31007,Banner County,NE,MICRO
41005,Clackamas County,OR,MICRO
20059,Franklin County,KS,MICRO
22061,Lincoln Parish,LA,MICRO
24510,Baltimore city,MD,MICRO
39103,Medina County,OH,MICRO
01073,Jefferson County,AL,MICRO
54061,Monongalia County,WV,MICRO
47165,Sumner County,TN,MICRO
40131,Rogers County,OK,MICRO
36007,Broome County,NY,MICRO
49039,Sanpete County,UT,NONE
39069,Henry County,OH,NONE
78020,St. John Island,VI,NONE
27165,Watonwan County,MN,NONE
16037,Custer County,ID,NONE
36053,Madison County,NY,MICRO
19093,Ida County,IA,NONE
40109,Oklahoma County,OK,MICRO
48499,Wood County,TX,NONE
56021,Laramie County,WY,MICRO
51069,Frederick County,VA,MICRO
37041,Chowan County,NC,NONE
17097,Lake County,IL,MICRO
34017,Hudson County,NJ,MICRO
29135,Moniteau County,MO,MICRO
41021,Gilliam County,OR,NONE
36063,Niagara County,NY,MICRO
16043,Fremont County,ID,MICRO
16005,Bannock County,ID,MICRO
47123,Monroe County,TN,NONE
55033,Dunn County,WI,MICRO
37023,Burke County,NC,MICRO
13143,Haralson County,GA,MICRO
23007,Franklin County,ME,NONE
45043,Georgetown County,SC,MICRO
17005,Bond County,IL,MICRO
19019,Buchanan County,IA,NONE
40055,Greer County,OK,NONE
08035,Douglas County,CO,MICRO
16077,Power County,ID,NONE
55099,Price County,WI,NONE
26163,Wayne County,MI,MICRO
31077,Greeley County,NE,NONE
21221,Trigg County,KY,MICRO
01121,Talladega County,AL,MICRO
21137,Lincoln County,KY,MICRO
47061,Grundy County,TN,NONE
06033,Lake County,CA,MICRO
17195,Whiteside County,IL,MICRO
48133,Eastland County,TX,NONE
13165,Jenkins County,GA,NONE
38075,Renville County,ND,MICRO
39049,Franklin County,OH,MICRO
38027,Eddy County,ND,NONE
20155,Reno County,KS,MICRO
30107,Wheatland County,MT,NONE
47049,Fentress County,TN,NONE
27063,Jackson County,MN,NONE
45017,Calhoun County,SC,MICRO
12051,Hendry County,FL,MICRO
27005,Becker County,MN,NONE
22035,East Carroll Parish,LA,NONE
21155,Marion County,KY,NONE
51141,Patrick County,VA,NONE
31059,Fillmore County,NE,NONE
17115,Macon County,IL,MICRO
55019,Clark County,WI,NONE
49021,Iron County,UT,MICRO
72113,Ponce Municipio,PR,MICRO
27045,Fillmore County,MN,MICRO
48271,Kinney County,TX,NONE
21071,Floyd County,KY,NONE
25015,Hampshire County,MA,MICRO
51061,Fauquier County,VA,MICRO
48003,Andrews County,TX,MICRO
72027,Camuy Municipio,PR,MICRO
29151,Osage County,MO,MICRO
27051,Grant County,MN,NONE
40099,Murray County,OK,NONE
48443,Terrell County,TX,NONE
72079,Lajas Municipio,PR,MICRO
48315,Marion County,TX,NONE
18111,Newton County,IN,MICRO
05139,Union County,AR,MICRO
28127,Simpson County,MS,MICRO
08047,Gilpin County,CO,MICRO
51071,Giles County,VA,MICRO
48259,Kendall County,TX,MICRO
51013,Arlington County,VA,MICRO
18015,Carroll County,IN,MICRO
21191,Pendleton County,KY,MICRO
48353,Nolan County,TX,MICRO
12009,Brevard County,FL,MICRO
51159,Richmond County,VA,NONE
40077,Latimer County,OK,NONE
29185,St. Clair County,MO,NONE
48289,Leon County,TX,NONE
19037,Chickasaw County,IA,NONE
55067,Langlade County,WI,NONE
47113,Madison County,TN,MICRO
38059,Morton County,ND,MICRO
21129,Lee County,KY,NONE
53057,Skagit County,WA,MICRO
25001,Barnstable County,MA,MICRO
17173,Shelby County,IL,NONE
38021,Dickey County,ND,NONE
20067,Grant County,KS,NONE
02180,Nome Census Area,AK,NONE
29039,Cedar County,MO,NONE
08045,Garfield County,CO,MICRO
39141,Ross County,OH,MICRO
17009,Brown County,IL,NONE
23021,Piscataquis County,ME,NONE
21055,Crittenden County,KY,NONE
20011,Bourbon County,KS,NONE
21171,Monroe County,KY,NONE
53043,Lincoln County,WA,NONE
28043,Grenada County,MS,MICRO
26093,Livingston County,MI,MICRO
12005,Bay County,FL,MICRO
16017,Bonner County,ID,MICRO
06071,San Bernardino County,CA,MICRO
47131,Obion County,TN,MICRO
47121,Meigs County,TN,NONE
20069,Gray County,KS,NONE
46083,Lincoln County,SD,MICRO
06051,Mono County,CA,NONE
06025,Imperial County,CA,MICRO
49009,Daggett County,UT,NONE
16071,Oneida County,ID,NONE
09009,New Haven County,CT,MICRO
16083,Twin Falls County,ID,MICRO
08089,Otero County,CO,NONE
21145,McCracken County,KY,MICRO
46015,Brule County,SD,NONE
27035,Crow Wing County,MN,MICRO
60030,Rose Island,AS,NONE
22111,Union Parish,LA,MICRO
51161,Roanoke County,VA,MICRO
18127,Porter County,IN,MICRO
39137,Putnam County,OH,NONE
22079,Rapides Parish,LA,MICRO
28031,Covington County,MS,NONE
23019,Penobscot County,ME,MICRO
05053,Grant County,AR,MICRO
12109,St. Johns County,FL,MICRO
35005,Chaves County,NM,MICRO
72025,Caguas Municipio,PR,MICRO
29137,Monroe County,MO,NONE
51147,Prince Edward County,VA,NONE
05043,Drew County,AR,NONE
01117,Shelby County,AL,MICRO
20183,Smith County,KS,NONE
18005,Bartholomew County,IN,MICRO
39011,Auglaize County,OH,MICRO
36013,Chautauqua County,NY,MICRO
42003,Allegheny County,PA,MICRO
46081,Lawrence County,SD,MICRO
40097,Mayes County,OK,NONE
16075,Payette County,ID,MICRO
48073,Cherokee County,TX,MICRO
48345,Motley County,TX,NONE
48263,Kent County,TX,NONE
06109,Tuolumne County,CA,MICRO
47101,Lewis County,TN,NONE
48437,Swisher County,TX,NONE
30003,Big Horn County,MT,NONE
72047,Corozal Municipio,PR,MICRO
24017,Charles County,MD,MICRO
48241,Jasper County,TX,NONE
20209,Wyandotte County,KS,MICRO
13227,Pickens County,GA,MICRO
48211,Hemphill County,TX,NONE
48277,Lamar County,TX,MICRO
29215,Texas County,MO,NONE
48095,Concho County,TX,NONE
19047,Crawford County,IA,NONE
12027,DeSoto County,FL,MICRO
22019,Calcasieu Parish,LA,MICRO
12086,Miami-Dade County,FL,MICRO
05099,Nevada County,AR,NONE
16053,Jerome County,ID,MICRO
48301,Loving County,TX,NONE
19095,Iowa County,IA,NONE
51179,Stafford County,VA,MICRO
06063,Plumas County,CA,NONE
28021,Claiborne County,MS,MICRO
47045,Dyer County,TN,MICRO
48187,Guadalupe County,TX,MICRO
13283,Treutlen County,GA,NONE
18097,Marion County,IN,MICRO
20161,Riley County,KS,MICRO
72089,Luquillo Municipio,PR,MICRO
28095,Monroe County,MS,NONE
19169,Story County,IA,MICRO
54067,Nicholas County,WV,NONE
08043,Fremont County,CO,MICRO
47157,Shelby County,TN,MICRO
48337,Montague County,TX,NONE
54075,Pocahontas County,WV,NONE
01031,Coffee County,AL,MICRO
18183,Whitley County,IN,MICRO
30065,Musselshell County,MT,NONE
49035,Salt Lake County,UT,MICRO
31151,Saline County,NE,NONE
28033,DeSoto County,MS,MICRO
72141,Utuado Municipio,PR,MICRO
49025,Kane County,UT,NONE
28039,George County,MS,NONE
28041,Greene County,MS,NONE
49051,Wasatch County,UT,MICRO
46123,Tripp County,SD,NONE
38019,Cavalier County,ND,NONE
13119,Franklin County,GA,NONE
40137,Stephens County,OK,MICRO
45087,Union County,SC,MICRO
47043,Dickson County,TN,MICRO
40029,Coal County,OK,NONE
37139,Pasquotank County,NC,MICRO
13261,Sumter County,GA,MICRO
26131,Ontonagon County,MI,NONE
05085,Lonoke County,AR,MICRO
46035,Davison County,SD,MICRO
21099,Hart County,KY,NONE
30001,Beaverhead County,MT,NONE
20005,Atchison County,KS,MICRO
56007,Carbon County,WY,NONE
51800,Suffolk city,VA,MICRO
45079,Richland County,SC,MICRO
31027,Cedar County,NE,NONE
22049,Jackson Parish,LA,NONE
27107,Norman County,MN,NONE
69100,Rota Municipality,MP,NONE
29041,Chariton County,MO,NONE
49049,Utah County,UT,MICRO
72085,Las Piedras Municipio,PR,MICRO
13303,Washington County,GA,NONE
12061,Indian River County,FL,MICRO
01003,Baldwin County,AL,MICRO
18041,Fayette County,IN,MICRO
21163,Meade County,KY,MICRO
29159,Pettis County,MO,MICRO
01009,Blount County,AL,MICRO
26091,Lenawee County,MI,MICRO
13085,Dawson County,GA,MICRO
08093,Park County,CO,MICRO
18141,St. Joseph County,IN,MICRO
47167,Tipton County,TN,MICRO
31061,Franklin County,NE,NONE
27135,Roseau County,MN,NONE
08073,Lincoln County,CO,NONE
72153,Yauco Municipio,PR,MICRO
27155,Traverse County,MN,NONE
24031,Montgomery County,MD,MICRO
19009,Audubon County,IA,NONE
45001,Abbeville County,SC,MICRO
27059,Isanti County,MN,MICRO
21235,Whitley County,KY,MICRO
45015,Berkeley County,SC,MICRO
30081,Ravalli County,MT,NONE
17043,DuPage County,IL,MICRO
21075,Fulton County,KY,MICRO
45045,Greenville County,SC,MICRO
18143,Scott County,IN,MICRO
48247,Jim Hogg County,TX,NONE
48147,Fannin County,TX,NONE
29021,Buchanan County,MO,MICRO
13275,Thomas County,GA,MICRO
27081,Lincoln County,MN,NONE
05077,Lee County,AR,NONE
30103,Treasure County,MT,NONE
48433,Stonewall County,TX,NONE
53023,Garfield County,WA,NONE
48117,Deaf Smith County,TX,MICRO
55135,Waupaca County,WI,NONE
22125,West Feliciana Parish,LA,MICRO
39133,Portage County,OH,MICRO
21233,Webster County,KY,NONE
72151,Yabucoa Municipio,PR,MICRO
19187,Webster County,IA,MICRO
13063,Clayton County,GA,MICRO
20173,Sedgwick County,KS,MICRO
13213,Murray County,GA,MICRO
42081,Lycoming County,PA,MICRO
01081,Lee County,AL,MICRO
05143,Washington County,AR,MICRO
38047,Logan County,ND,NONE
48163,Frio County,TX,NONE
41069,Wheeler County,OR,NONE
48351,Newton County,TX,MICRO
51710,Norfolk city,VA,MICRO
29143,New Madrid County,MO,NONE
20021,Cherokee County,KS,NONE
13267,Tattnall County,GA,NONE
55025,Dane County,WI,MICRO
01005,Barbour County,AL,NONE
19017,Bremer County,IA,MICRO
48179,Gray County,TX,MICRO
06083,Santa Barbara County,CA,MICRO
44009,Washington County,RI,MICRO
51009,Amherst County,VA,MICRO
17177,Stephenson County,IL,MICRO
49003,Box Elder County,UT,MICRO
38003,Barnes County,ND,NONE
51600,Fairfax city,VA,MICRO
12041,Gilchrist County,FL,MICRO
41065,Wasco County,OR,MICRO
19163,Scott County,IA,MICRO
23027,Waldo County,ME,NONE
18091,LaPorte County,IN,MICRO
48493,Wilson County,TX,MICRO
17017,Cass County,IL,NONE
21017,Bourbon County,KY,MICRO
18029,Dearborn County,IN,MICRO
40149,Washita County,OK,NONE
06013,Contra Costa County,CA,MICRO
26075,Jackson County,MI,MICRO
41045,Malheur County,OR,MICRO
21121,Knox County,KY,MICRO
29029,Camden County,MO,NONE
17169,Schuyler County,IL,NONE
28057,Itawamba County,MS,MICRO
42025,Carbon County,PA,MICRO
30091,Sheridan County,MT,NONE
01027,Clay County,AL,NONE
19195,Worth County,IA,MICRO
01087,Macon County,AL,NONE
18027,Daviess County,IN,MICRO
33019,Sullivan County,NH,MICRO
18087,LaGrange County,IN,NONE
13127,Glynn County,GA,MICRO
38009,Bottineau County,ND,NONE
54087,Roane County,WV,NONE
21025,Breathitt County,KY,NONE
40079,Le Flore County,OK,MICRO
55139,Winnebago County,WI,MICRO
46063,Harding County,SD,NONE
17095,Knox County,IL,MICRO
05015,Carroll County,AR,NONE
51051,Dickenson County,VA,MICRO
27029,Clearwater County,MN,NONE
53047,Okanogan County,WA,NONE
39143,Sandusky County,OH,MICRO
48321,Matagorda County,TX,MICRO
45041,Florence County,SC,MICRO
17093,Kendall County,IL,MICRO
29101,Johnson County,MO,MICRO
48483,Wheeler County,TX,NONE
47145,Roane County,TN,MICRO
08085,Montrose County,CO,MICRO
22105,Tangipahoa Parish,LA,MICRO
48113,Dallas County,TX,MICRO
12043,Glades County,FL,NONE
40105,Nowata County,OK,NONE
06005,Amador County,CA,NONE
41035,Klamath County,OR,MICRO
51570,Colonial Heights city,VA,MICRO
40013,Bryan County,OK,MICRO
48261,Kenedy County,TX,MICRO
21097,Harrison County,KY,NONE
29175,Randolph County,MO,MICRO
26137,Otsego County,MI,NONE
20191,Sumner County,KS,MICRO
32007,Elko County,NV,MICRO
72127,San Juan Municipio,PR,MICRO
40049,Garvin County,OK,NONE
17099,LaSalle County,IL,MICRO
19101,Jefferson County,IA,MICRO
19191,Winneshiek County,IA,NONE
39001,Adams County,OH,NONE
18169,Wabash County,IN,MICRO
39077,Huron County,OH,MICRO
26063,Huron County,MI,NONE
36059,Nassau County,NY,MICRO
31163,Sherman County,NE,NONE
42131,Wyoming County,PA,MICRO
37101,Johnston County,NC,MICRO
48237,Jack County,TX,NONE
51195,Wise County,VA,MICRO
08013,Boulder County,CO,MICRO
29223,Wayne County,MO,NONE
17181,Union County,IL,NONE
29003,Andrew County,MO,MICRO
53055,San Juan County,WA,NONE
37075,Graham County,NC,NONE
48079,Cochran County,TX,NONE
47097,Lauderdale County,TN,NONE
01051,Elmore County,AL,MICRO
30069,Petroleum County,MT,NONE
46017,Buffalo County,SD,NONE
29113,Lincoln County,MO,MICRO
08097,Pitkin County,CO,MICRO
12075,Levy County,FL,NONE
15003,Honolulu County,HI,MICRO
19045,Clinton County,IA,MICRO
51027,Buchanan County,VA,NONE
13231,Pike County,GA,MICRO
13135,Gwinnett County,GA,MICRO
13055,Chattooga County,GA,MICRO
29201,Scott County,MO,MICRO
18181,White County,IN,NONE
13079,Crawford County,GA,MICRO
20077,Harper County,KS,NONE
48219,Hockley County,TX,MICRO
40001,Adair County,OK,NONE
29229,Wright County,MO,NONE
17131,Mercer County,IL,MICRO
21065,Estill County,KY,NONE
28159,Winston County,MS,NONE
33015,Rockingham County,NH,MICRO
27077,Lake of the Woods County,MN,NONE
48121,Denton County,TX,MICRO
51083,Halifax County,VA,NONE
22031,De Soto Parish,LA,MICRO
30101,Toole County,MT,NONE
51077,Grayson County,VA,NONE
42069,Lackawanna County,PA,MICRO
19063,Emmet County,IA,NONE
51133,Northumberland County,VA,NONE
48369,Parmer County,TX,NONE
17071,Henderson County,IL,MICRO
72133,Santa Isabel Municipio,PR,MICRO
31035,Clay County,NE,NONE
01007,Bibb County,AL,MICRO
51139,Page County,VA,NONE
