FIPS,State,County,MetroMicro
28035,Forrest County,MS,METRO
51690,Martinsville city,VA,MICRO
24510,Baltimore city,MD,METRO
31125,Nance County,NE,NONE
22019,Calcasieu Parish,LA,METRO
37073,Gates County,NC,METRO
51139,Page County,VA,NONE
20065,Graham County,KS,NONE
47135,Perry County,TN,NONE
29045,Clark County,MO,MICRO
48453,Travis County,TX,METRO
40073,Kingfisher County,OK,NONE
05027,Columbia County,AR,MICRO
48031,Blanco County,TX,NONE
30103,Treasure County,MT,NONE
26073,Isabella County,MI,MICRO
12029,Dixie County,FL,NONE
48033,Borden County,TX,NONE
16031,Cassia County,ID,MICRO
39063,Hancock County,OH,MICRO
19195,Worth County,IA,MICRO
06099,Stanislaus County,CA,METRO
51515,Bedford city,VA,METRO
08037,Eagle County,CO,MICRO
45055,Kershaw County,SC,METRO
21171,Monroe County,KY,NONE
08063,Kit Carson County,CO,NONE
56041,Uinta County,WY,MICRO
26093,Livingston County,MI,METRO
18125,Pike County,IN,MICRO
48319,Mason County,TX,NONE
69085,Northern Islands Municipality,MP,NONE
28037,Franklin County,MS,NONE
66010,Guam,GU,NONE
13085,Dawson County,GA,METRO
31063,Frontier County,NE,NONE
17195,Whiteside County,IL,MICRO
39113,Montgomery County,OH,METRO
18001,Adams County,IN,MICRO
48451,Tom Green County,TX,METRO
46077,Kingsbury County,SD,NONE
29077,Greene County,MO,METRO
31005,Arthur County,NE,NONE
48329,Midland County,TX,METRO
22051,Jefferson Parish,LA,METRO
72059,Guayanilla Municipio,PR,METRO
04025,Yavapai County,AZ,METRO
30083,Richland County,MT,NONE
37053,Currituck County,NC,METRO
45039,Fairfield County,SC,METRO
56011,Crook County,WY,NONE
27105,Nobles County,MN,MICRO
47041,DeKalb County,TN,NONE
29181,Ripley County,MO,NONE
17105,Livingston County,IL,MICRO
37081,Guilford County,NC,METRO
30105,Valley County,MT,NONE
29043,Christian County,MO,METRO
05133,Sevier County,AR,NONE
47089,Jefferson County,TN,METRO
18147,Spencer County,IN,NONE
11001,District of Columbia,DC,METRO
20039,Decatur County,KS,NONE
12095,Orange County,FL,METRO
17177,Stephenson County,IL,MICRO
01129,Washington County,AL,NONE
13269,Taylor County,GA,NONE
02090,Fairbanks North Star Borough,AK,METRO
29207,Stoddard County,MO,NONE
06043,Mariposa County,CA,NONE
54017,Doddridge County,WV,MICRO
48023,Baylor County,TX,NONE
18029,Dearborn County,IN,METRO
29069,Dunklin County,MO,MICRO
20089,Jewell County,KS,NONE
05049,Fulton County,AR,NONE
49005,Cache County,UT,METRO
46021,Campbell County,SD,NONE
27009,Benton County,MN,METRO
26081,Kent County,MI,METRO
31041,Custer County,NE,NONE
19107,Keokuk County,IA,NONE
28081,Lee County,MS,MICRO
16065,Madison County,ID,MICRO
27153,Todd County,MN,NONE
13309,Wheeler County,GA,NONE
28115,Pontotoc County,MS,MICRO
13133,Greene County,GA,NONE
42069,Lackawanna County,PA,METRO
47147,Robertson County,TN,METRO
49023,Juab County,UT,METRO
41007,Clatsop County,OR,MICRO
08003,Alamosa County,CO,NONE
46123,Tripp County,SD,NONE
17041,Douglas County,IL,NONE
34007,Camden County,NJ,METRO
22127,Winn Parish,LA,NONE
22069,Natchitoches Parish,LA,MICRO
28129,Smith County,MS,NONE
40097,Mayes County,OK,NONE
21165,Menifee County,KY,MICRO
42107,Schuylkill County,PA,MICRO
17087,Johnson County,IL,NONE
48347,Nacogdoches County,TX,MICRO
17071,Henderson County,IL,MICRO
48437,Swisher County,TX,NONE
36051,Livingston County,NY,METRO
55055,Jefferson County,WI,MICRO
42009,Bedford County,PA,NONE
18111,Newton County,IN,METRO
55037,Florence County,WI,MICRO
29153,Ozark County,MO,NONE
21191,Pendleton County,KY,METRO
46127,Union County,SD,METRO
48233,Hutchinson County,TX,MICRO
01019,Cherokee County,AL,NONE
01111,Randolph County,AL,NONE
22079,Rapides Parish,LA,METRO
37169,Stokes County,NC,METRO
38055,McLean County,ND,NONE
39061,Hamilton County,OH,METRO
48471,Walker County,TX,MICRO
30073,Pondera County,MT,NONE
13267,Tattnall County,GA,NONE
51600,Fairfax city,VA,METRO
31137,Phelps County,NE,NONE
23029,Washington County,ME,NONE
39051,Fulton County,OH,METRO
41029,Jackson County,OR,METRO
27093,Meeker County,MN,NONE
37153,Richmond County,NC,MICRO
19101,Jefferson County,IA,MICRO
37135,Orange County,NC,METRO
31123,Morrill County,NE,NONE
20059,Franklin County,KS,MICRO
21139,Livingston County,KY,MICRO
47187,Williamson County,TN,METRO
10005,Sussex County,DE,METRO
51053,Dinwiddie County,VA,METRO
53075,Whitman County,WA,MICRO
26007,Alpena County,MI,MICRO
49045,Tooele County,UT,METRO
51095,James City County,VA,METRO
01123,Tallapoosa County,AL,NONE
09001,Fairfield County,CT,METRO
19065,Fayette County,IA,NONE
29137,Monroe County,MO,NONE
56023,Lincoln County,WY,NONE
02195,Petersburg Census Area,AK,NONE
26109,Menominee County,MI,MICRO
31073,Gosper County,NE,MICRO
42101,Philadelphia County,PA,METRO
29157,Perry County,MO,NONE
29019,Boone County,MO,METRO
38073,Ransom County,ND,NONE
28123,Scott County,MS,NONE
18065,Henry County,IN,MICRO
21103,Henry County,KY,METRO
48219,Hockley County,TX,MICRO
27065,Kanabec County,MN,NONE
17021,Christian County,IL,MICRO
55091,Pepin County,WI,NONE
13165,Jenkins County,GA,NONE
02105,Hoonah-Angoon Census Area,AK,NONE
27131,Rice County,MN,MICRO
48413,Schleicher County,TX,NONE
29085,Hickory County,MO,NONE
27027,Clay County,MN,METRO
08077,Mesa County,CO,METRO
31103,Keya Paha County,NE,NONE
17037,DeKalb County,IL,METRO
41031,Jefferson County,OR,NONE
36015,Chemung County,NY,METRO
18031,Decatur County,IN,MICRO
24001,Allegany County,MD,METRO
46039,Deuel County,SD,NONE
27069,Kittson County,MN,NONE
17045,Edgar County,IL,NONE
28133,Sunflower County,MS,MICRO
13281,Towns County,GA,NONE
17089,Kane County,IL,METRO
21093,Hardin County,KY,METRO
55101,Racine County,WI,METRO
48229,Hudspeth County,TX,METRO
20103,Leavenworth County,KS,METRO
13095,Dougherty County,GA,METRO
48403,Sabine County,TX,NONE
21113,Jessamine County,KY,METRO
35029,Luna County,NM,MICRO
37085,Harnett County,NC,MICRO
42025,Carbon County,PA,METRO
28027,Coahoma County,MS,MICRO
51720,Norton city,VA,MICRO
36007,Broome County,NY,METRO
31033,Cheyenne County,NE,NONE
48099,Coryell County,TX,METRO
42065,Jefferson County,PA,NONE
54081,Raleigh County,WV,METRO
29145,Newton County,MO,METRO
02164,Lake and Peninsula Borough,AK,NONE
05053,Grant County,AR,METRO
51570,Colonial Heights city,VA,METRO
29213,Taney County,MO,MICRO
22011,Beauregard Parish,LA,MICRO
46105,Perkins County,SD,NONE
37149,Polk County,NC,NONE
72055,Guanica Municipio,PR,METRO
40019,Carter County,OK,MICRO
60020,Manu'a District,AS,NONE
19019,Buchanan County,IA,NONE
29075,Gentry County,MO,NONE
28079,Leake County,MS,NONE
38005,Benson County,ND,NONE
51119,Middlesex County,VA,NONE
02240,Southeast Fairbanks Census Area,AK,NONE
16073,Owyhee County,ID,METRO
48155,Foard County,TX,NONE
41005,Clackamas County,OR,METRO
39119,Muskingum County,OH,MICRO
48279,Lamb County,TX,NONE
39131,Pike County,OH,NONE
38097,Traill County,ND,NONE
08013,Boulder County,CO,METRO
47149,Rutherford County,TN,METRO
78020,St. John Island,VI,NONE
12013,Calhoun County,FL,NONE
47077,Henderson County,TN,NONE
17115,Macon County,IL,METRO
22029,Concordia Parish,LA,MICRO
26113,Missaukee County,MI,MICRO
27119,Polk County,MN,METRO
45043,Georgetown County,SC,MICRO
12103,Pinellas County,FL,METRO
29163,Pike County,MO,NONE
37129,New Hanover County,NC,METRO
48139,Ellis County,TX,METRO
13263,Talbot County,GA,NONE
55097,Portage County,WI,MICRO
20051,Ellis County,KS,MICRO
48363,Palo Pinto County,TX,MICRO
48111,Dallam County,TX,NONE
56039,Teton County,WY,MICRO
20079,Harvey County,KS,METRO
18019,Clark County,IN,METRO
39079,Jackson County,OH,MICRO
12017,Citrus County,FL,METRO
37195,Wilson County,NC,MICRO
22031,De Soto Parish,LA,METRO
09013,Tolland County,CT,METRO
24025,Harford County,MD,METRO
20087,Jefferson County,KS,METRO
31131,Otoe County,NE,NONE
21135,Lewis County,KY,NONE
20141,Osborne County,KS,NONE
12065,Jefferson County,FL,METRO
31165,Sioux County,NE,MICRO
31047,Dawson County,NE,MICRO
40109,Oklahoma County,OK,METRO
05145,White County,AR,MICRO
42045,Delaware County,PA,METRO
13111,Fannin County,GA,NONE
16015,Boise County,ID,METRO
29159,Pettis County,MO,MICRO
39031,Coshocton County,OH,MICRO
19049,Dallas County,IA,METRO
37029,Camden County,NC,MICRO
54065,Morgan County,WV,NONE
13055,Chattooga County,GA,MICRO
51033,Caroline County,VA,METRO
21001,Adair County,KY,NONE
41009,Columbia County,OR,METRO
29179,Reynolds County,MO,NONE
48265,Kerr County,TX,MICRO
08117,Summit County,CO,MICRO
22115,Vernon Parish,LA,MICRO
13315,Wilcox County,GA,NONE
35011,De Baca County,NM,NONE
55085,Oneida County,WI,NONE
19121,Madison County,IA,METRO
47155,Sevier County,TN,MICRO
39145,Scioto County,OH,MICRO
31071,Garfield County,NE,NONE
19113,Linn County,IA,METRO
51630,Fredericksburg city,VA,METRO
38057,Mercer County,ND,NONE
21089,Greenup County,KY,METRO
20001,Allen County,KS,NONE
05105,Perry County,AR,METRO
37059,Davie County,NC,METRO
49021,Iron County,UT,MICRO
26111,Midland County,MI,METRO
38067,Pembina County,ND,NONE
13237,Putnam County,GA,NONE
08089,Otero County,CO,NONE
18121,Parke County,IN,NONE
40131,Rogers County,OK,METRO
30089,Sanders County,MT,NONE
40021,Cherokee County,OK,MICRO
48091,Comal County,TX,METRO
17135,Montgomery County,IL,NONE
13173,Lanier County,GA,METRO
24033,Prince George's County,MD,METRO
19047,Crawford County,IA,NONE
45089,Williamsburg County,SC,NONE
04015,Mohave County,AZ,METRO
46013,Brown County,SD,MICRO
26025,Calhoun County,MI,METRO
31157,Scotts Bluff County,NE,MICRO
48121,Denton County,TX,METRO
72053,Fajardo Municipio,PR,METRO
01031,Coffee County,AL,MICRO
48495,Winkler County,TX,NONE
13139,Hall County,GA,METRO
18117,Orange County,IN,NONE
01007,Bibb County,AL,METRO
36053,Madison County,NY,METRO
55105,Rock County,WI,METRO
48035,Bosque County,TX,NONE
21167,Mercer County,KY,NONE
40029,Coal County,OK,NONE
29205,Shelby County,MO,NONE
21209,Scott County,KY,METRO
29133,Mississippi County,MO,NONE
47081,Hickman County,TN,METRO
41023,Grant County,OR,NONE
35051,Sierra County,NM,NONE
12007,Bradford County,FL,NONE
45069,Marlboro County,SC,MICRO
01127,Walker County,AL,METRO
48169,Garza County,TX,NONE
45031,Darlington County,SC,METRO
13313,Whitfield County,GA,METRO
29009,Barry County,MO,NONE
40077,Latimer County,OK,NONE
28101,Newton County,MS,NONE
22063,Livingston Parish,LA,METRO
53055,San Juan County,WA,NONE
18089,Lake County,IN,METRO
40139,Texas County,OK,MICRO
30087,Rosebud County,MT,NONE
36027,Dutchess County,NY,METRO
19119,Lyon County,IA,NONE
05085,Lonoke County,AR,METRO
31057,Dundy County,NE,NONE
48245,Jefferson County,TX,METRO
27035,Crow Wing County,MN,MICRO
50007,Chittenden County,VT,METRO
37161,Rutherford County,NC,MICRO
23017,Oxford County,ME,NONE
05119,Pulaski County,AR,METRO
39167,Washington County,OH,MICRO
27071,Koochiching County,MN,NONE
01035,Conecuh County,AL,NONE
34041,Warren County,NJ,METRO
13129,Gordon County,GA,MICRO
34025,Monmouth County,NJ,METRO
13151,Henry County,GA,METRO
47061,Grundy County,TN,NONE
51083,Halifax County,VA,NONE
12019,Clay County,FL,METRO
39115,Morgan County,OH,NONE
26051,Gladwin County,MI,NONE
72025,Caguas Municipio,PR,METRO
30005,Blaine County,MT,NONE
16085,Valley County,ID,NONE
01089,Madison County,AL,METRO
17129,Menard County,IL,METRO
19069,Franklin County,IA,NONE
22035,East Carroll Parish,LA,NONE
39093,Lorain County,OH,METRO
46029,Codington County,SD,MICRO
41013,Crook County,OR,MICRO
37139,Pasquotank County,NC,MICRO
51520,Bristol city,VA,METRO
08079,Mineral County,CO,NONE
13321,Worth County,GA,METRO
37011,Avery County,NC,NONE
21013,Bell County,KY,MICRO
13081,Crisp County,GA,MICRO
21081,Grant County,KY,METRO
45047,Greenwood County,SC,MICRO
22095,St. John the Baptist Parish,LA,METRO
29223,Wayne County,MO,NONE
24029,Kent County,MD,NONE
50017,Orange County,VT,MICRO
51620,Franklin city,VA,NONE
17051,Fayette County,IL,NONE
32007,Elko County,NV,MICRO
19071,Fremont County,IA,NONE
25021,Norfolk County,MA,METRO
39141,Ross County,OH,MICRO
29225,Webster County,MO,METRO
21003,Allen County,KY,METRO
38019,Cavalier County,ND,NONE
26003,Alger County,MI,NONE
37051,Cumberland County,NC,METRO
30011,Carter County,MT,NONE
20097,Kiowa County,KS,NONE
51103,Lancaster County,VA,NONE
53007,Chelan County,WA,METRO
13277,Tift County,GA,MICRO
01119,Sumter County,AL,NONE
53069,Wahkiakum County,WA,NONE
21075,Fulton County,KY,MICRO
27127,Redwood County,MN,NONE
26021,Berrien County,MI,METRO
29139,Montgomery County,MO,NONE
22039,Evangeline Parish,LA,NONE
51011,Appomattox County,VA,METRO
26105,Mason County,MI,MICRO
56001,Albany County,WY,MICRO
47047,Fayette County,TN,METRO
49027,Millard County,UT,NONE
72107,Orocovis Municipio,PR,METRO
19189,Winnebago County,IA,NONE
51073,Gloucester County,VA,METRO
30013,Cascade County,MT,METRO
48003,Andrews County,TX,MICRO
38035,Grand Forks County,ND,METRO
24013,Carroll County,MD,METRO
55069,Lincoln County,WI,MICRO
31055,Douglas County,NE,METRO
72057,Guayama Municipio,PR,METRO
38069,Pierce County,ND,NONE
56019,Johnson County,WY,NONE
22033,East Baton Rouge Parish,LA,METRO
21149,McLean County,KY,METRO
72037,Ceiba Municipio,PR,METRO
39033,Crawford County,OH,MICRO
48305,Lynn County,TX,METRO
13137,Habersham County,GA,MICRO
35027,Lincoln County,NM,NONE
16051,Jefferson County,ID,METRO
06083,Santa Barbara County,CA,METRO
37021,Buncombe County,NC,METRO
46089,McPherson County,SD,NONE
21099,Hart County,KY,NONE
40007,Beaver County,OK,NONE
31101,Keith County,NE,NONE
72115,Quebradillas Municipio,PR,METRO
42127,Wayne County,PA,NONE
48143,Erath County,TX,MICRO
49019,Grand County,UT,NONE
34001,Atlantic County,NJ,METRO
24011,Caroline County,MD,NONE
27123,Ramsey County,MN,METRO
46003,Aurora County,SD,NONE
37125,Moore County,NC,MICRO
28073,Lamar County,MS,METRO
08069,Larimer County,CO,METRO
21163,Meade County,KY,METRO
48341,Moore County,TX,MICRO
46027,Clay County,SD,MICRO
39163,Vinton County,OH,NONE
50005,Caledonia County,VT,NONE
29127,Marion County,MO,MICRO
37175,Transylvania County,NC,MICRO
35025,Lea County,NM,MICRO
72113,Ponce Municipio,PR,METRO
34035,Somerset County,NJ,METRO
26059,Hillsdale County,MI,MICRO
16043,Fremont County,ID,MICRO
29217,Vernon County,MO,NONE
53005,Benton County,WA,METRO
37063,Durham County,NC,METRO
42055,Franklin County,PA,METRO
32510,Carson City,NV,METRO
08119,Teller County,CO,METRO
47029,Cocke County,TN,MICRO
72017,Barceloneta Municipio,PR,METRO
05065,Izard County,AR,NONE
26049,Genesee County,MI,METRO
17157,Randolph County,IL,NONE
19051,Davis County,IA,MICRO
25025,Suffolk County,MA,METRO
60050,Western District,AS,NONE
40111,Okmulgee County,OK,METRO
16025,Camas County,ID,MICRO
51029,Buckingham County,VA,METRO
38101,Ward County,ND,MICRO
31107,Knox County,NE,NONE
19027,Carroll County,IA,NONE
42031,Clarion County,PA,NONE
49025,Kane County,UT,NONE
55083,Oconto County,WI,METRO
37001,Alamance County,NC,METRO
46079,Lake County,SD,NONE
19091,Humboldt County,IA,NONE
48425,Somervell County,TX,METRO
48123,DeWitt County,TX,NONE
20175,Seward County,KS,MICRO
01033,Colbert County,AL,METRO
32033,White Pine County,NV,NONE
17149,Pike County,IL,NONE
12125,Union County,FL,NONE
26037,Clinton County,MI,METRO
22093,St. James Parish,LA,METRO
13241,Rabun County,GA,NONE
21051,Clay County,KY,NONE
20035,Cowley County,KS,MICRO
49029,Morgan County,UT,METRO
15009,Maui County,HI,METRO
47183,Weakley County,TN,MICRO
72099,Moca Municipio,PR,METRO
36119,Westchester County,NY,METRO
21203,Rockcastle County,KY,MICRO
28019,Choctaw County,MS,NONE
29021,Buchanan County,MO,METRO
40135,Sequoyah County,OK,METRO
27041,Douglas County,MN,MICRO
02110,Juneau City and Borough,AK,MICRO
08099,Prowers County,CO,NONE
48439,Tarrant County,TX,METRO
53037,Kittitas County,WA,MICRO
20107,Linn County,KS,METRO
13159,Jasper County,GA,METRO
26107,Mecosta County,MI,MICRO
13161,Jeff Davis County,GA,NONE
30047,Lake County,MT,NONE
51173,Smyth County,VA,NONE
37027,Caldwell County,NC,METRO
20121,Miami County,KS,METRO
48343,Morris County,TX,NONE
22023,Cameron Parish,LA,METRO
40083,Logan County,OK,METRO
30055,McCone County,MT,NONE
47109,McNairy County,TN,NONE
31011,Boone County,NE,NONE
17063,Grundy County,IL,METRO
02261,Valdez-Cordova Census Area,AK,NONE
19161,Sac County,IA,NONE
72075,Juana Diaz Municipio,PR,METRO
39117,Morrow County,OH,METRO
34031,Passaic County,NJ,METRO
72095,Maunabo Municipio,PR,METRO
46015,Brule County,SD,NONE
48001,Anderson County,TX,MICRO
18091,LaPorte County,IN,METRO
31015,Boyd County,NE,NONE
18005,Bartholomew County,IN,METRO
17143,Peoria County,IL,METRO
33001,Belknap County,NH,MICRO
47063,Hamblen County,TN,METRO
20127,Morris County,KS,NONE
20031,Coffey County,KS,NONE
41069,Wheeler County,OR,NONE
54075,Pocahontas County,WV,NONE
55019,Clark County,WI,NONE
36073,Orleans County,NY,METRO
13231,Pike County,GA,METRO
31151,Saline County,NE,NONE
37137,Pamlico County,NC,METRO
30023,Deer Lodge County,MT,NONE
05123,St. Francis County,AR,MICRO
37087,Haywood County,NC,METRO
30009,Carbon County,MT,METRO
36013,Chautauqua County,NY,MICRO
46041,Dewey County,SD,NONE
17127,Massac County,IL,MICRO
12085,Martin County,FL,METRO
21085,Grayson County,KY,NONE
01057,Fayette County,AL,NONE
45019,Charleston County,SC,METRO
42053,Forest County,PA,NONE
39005,Ashland County,OH,MICRO
16009,Benewah County,ID,NONE
47181,Wayne County,TN,NONE
17095,Knox County,IL,MICRO
19063,Emmet County,IA,NONE
46019,Butte County,SD,NONE
39075,Holmes County,OH,NONE
36047,Kings County,NY,METRO
47185,White County,TN,NONE
51580,Covington city,VA,NONE
19017,Bremer County,IA,METRO
08065,Lake County,CO,NONE
32015,Lander County,NV,NONE
54097,Upshur County,WV,NONE
06017,El Dorado County,CA,METRO
19169,Story County,IA,METRO
19155,Pottawattamie County,IA,METRO
48073,Cherokee County,TX,MICRO
47027,Clay County,TN,NONE
26149,St. Joseph County,MI,MICRO
56025,Natrona County,WY,METRO
18129,Posey County,IN,METRO
39081,Jefferson County,OH,METRO
01059,Franklin County,AL,NONE
29109,Lawrence County,MO,NONE
54037,Jefferson County,WV,METRO
13179,Liberty County,GA,METRO
48273,Kleberg County,TX,MICRO
05001,Arkansas County,AR,NONE
29023,Butler County,MO,MICRO
17165,Saline County,IL,NONE
19097,Jackson County,IA,NONE
18007,Benton County,IN,METRO
47163,Sullivan County,TN,METRO
20083,Hodgeman County,KS,NONE
40137,Stephens County,OK,MICRO
55107,Rusk County,WI,NONE
06061,Placer County,CA,METRO
29187,St. Francois County,MO,MICRO
05059,Hot Spring County,AR,MICRO
56037,Sweetwater County,WY,MICRO
40103,Noble County,OK,NONE
41025,Harney County,OR,NONE
02150,Kodiak Island Borough,AK,NONE
37045,Cleveland County,NC,MICRO
39077,Huron County,OH,MICRO
13115,Floyd County,GA,METRO
31003,Antelope County,NE,NONE
37049,Craven County,NC,METRO
31127,Nemaha County,NE,NONE
28155,Webster County,MS,NONE
23015,Lincoln County,ME,NONE
13175,Laurens County,GA,MICRO
51037,Charlotte County,VA,NONE
78030,St. Thomas Island,VI,NONE
46061,Hanson County,SD,MICRO
17033,Crawford County,IL,NONE
48005,Angelina County,TX,MICRO
18119,Owen County,IN,METRO
27029,Clearwater County,MN,NONE
17121,Marion County,IL,MICRO
49041,Sevier County,UT,NONE
41049,Morrow County,OR,MICRO
48445,Terry County,TX,NONE
46091,Marshall County,SD,NONE
48441,Taylor County,TX,METRO
40045,Ellis County,OK,NONE
16027,Canyon County,ID,METRO
30019,Daniels County,MT,NONE
21147,McCreary County,KY,NONE
46051,Grant County,SD,NONE
13077,Coweta County,GA,METRO
13073,Columbia County,GA,METRO
04005,Coconino County,AZ,METRO
27019,Carver County,MN,METRO
45073,Oconee County,SC,MICRO
13293,Upson County,GA,MICRO
06031,Kings County,CA,METRO
13153,Houston County,GA,METRO
18033,DeKalb County,IN,MICRO
48457,Tyler County,TX,NONE
05021,Clay County,AR,NONE
08023,Costilla County,CO,NONE
34009,Cape May County,NJ,METRO
18085,Kosciusko County,IN,MICRO
17035,Cumberland County,IL,MICRO
34029,Ocean County,NJ,METRO
19013,Black Hawk County,IA,METRO
47165,Sumner County,TN,METRO
55131,Washington County,WI,METRO
51540,Charlottesville city,VA,METRO
39147,Seneca County,OH,MICRO
19007,Appanoose County,IA,NONE
01029,Cleburne County,AL,NONE
40039,Custer County,OK,MICRO
48213,Henderson County,TX,MICRO
38089,Stark County,ND,MICRO
21173,Montgomery County,KY,MICRO
13287,Turner County,GA,NONE
30081,Ravalli County,MT,NONE
27045,Fillmore County,MN,METRO
39089,Licking County,OH,METRO
72143,Vega Alta Municipio,PR,METRO
35035,Otero County,NM,MICRO
48385,Real County,TX,NONE
12121,Suwannee County,FL,NONE
21007,Ballard County,KY,MICRO
38041,Hettinger County,ND,NONE
29091,Howell County,MO,MICRO
16057,Latah County,ID,MICRO
37041,Chowan County,NC,NONE
17049,Effingham County,IL,MICRO
32023,Nye County,NV,MICRO
02220,Sitka City and Borough,AK,NONE
18049,Fulton County,IN,NONE
21083,Graves County,KY,MICRO
17199,Williamson County,IL,METRO
01085,Lowndes County,AL,METRO
30097,Sweet Grass County,MT,NONE
72145,Vega Baja Municipio,PR,METRO
17039,De Witt County,IL,METRO
06027,Inyo County,CA,NONE
23013,Knox County,ME,NONE
32011,Eureka County,NV,MICRO
12073,Leon County,FL,METRO
05093,Mississippi County,AR,MICRO
20057,Ford County,KS,MICRO
42051,Fayette County,PA,METRO
46113,Shannon County,SD,NONE
13043,Candler County,GA,NONE
37033,Caswell County,NC,NONE
51047,Culpeper County,VA,METRO
40071,Kay County,OK,MICRO
40151,Woods County,OK,NONE
27059,Isanti County,MN,METRO
51181,Surry County,VA,NONE
19185,Wayne County,IA,NONE
13123,Gilmer County,GA,NONE
26071,Iron County,MI,NONE
46117,Stanley County,SD,MICRO
19141,O'Brien County,IA,NONE
19181,Warren County,IA,METRO
72137,Toa Baja Municipio,PR,METRO
39085,Lake County,OH,METRO
46107,Potter County,SD,NONE
48443,Terrell County,TX,NONE
40075,Kiowa County,OK,NONE
13193,Macon County,GA,NONE
30041,Hill County,MT,NONE
21219,Todd County,KY,NONE
26053,Gogebic County,MI,NONE
08011,Bent County,CO,NONE
29215,Texas County,MO,NONE
45079,Richland County,SC,METRO
51770,Roanoke city,VA,METRO
16017,Bonner County,ID,MICRO
51089,Henry County,VA,MICRO
37079,Greene County,NC,NONE
51017,Bath County,VA,NONE
17133,Monroe County,IL,METRO
55141,Wood County,WI,MICRO
46099,Minnehaha County,SD,METRO
01133,Winston County,AL,NONE
47071,Hardin County,TN,NONE
51800,Suffolk city,VA,METRO
17015,Carroll County,IL,NONE
08033,Dolores County,CO,NONE
48189,Hale County,TX,MICRO
13047,Catoosa County,GA,METRO
27171,Wright County,MN,METRO
21181,Nicholas County,KY,NONE
36063,Niagara County,NY,METRO
21225,Union County,KY,NONE
29183,St. Charles County,MO,METRO
72147,Vieques Municipio,PR,NONE
18061,Harrison County,IN,METRO
28055,Issaquena County,MS,NONE
45071,Newberry County,SC,MICRO
48053,Burnet County,TX,NONE
48267,Kimble County,TX,NONE
41027,Hood River County,OR,MICRO
47177,Warren County,TN,MICRO
39019,Carroll County,OH,METRO
54105,Wirt County,WV,METRO
51680,Lynchburg city,VA,METRO
21071,Floyd County,KY,NONE
27095,Mille Lacs County,MN,METRO
01073,Jefferson County,AL,METRO
19021,Buena Vista County,IA,MICRO
37151,Randolph County,NC,METRO
48373,Polk County,TX,NONE
41021,Gilliam County,OR,NONE
54079,Putnam County,WV,METRO
22021,Caldwell Parish,LA,NONE
13169,Jones County,GA,METRO
19129,Mills County,IA,METRO
46075,Jones County,SD,NONE
41045,Malheur County,OR,MICRO
18041,Fayette County,IN,MICRO
47079,Henry County,TN,MICRO
20125,Montgomery County,KS,MICRO
18097,Marion County,IN,METRO
48129,Donley County,TX,NONE
08049,Grand County,CO,NONE
22113,Vermilion Parish,LA,METRO
08021,Conejos County,CO,NONE
48009,Archer County,TX,METRO
40001,Adair County,OK,NONE
19041,Clay County,IA,MICRO
48027,Bell County,TX,METRO
01023,Choctaw County,AL,NONE
22025,Catahoula Parish,LA,NONE
27151,Swift County,MN,NONE
72093,Maricao Municipio,PR,NONE
28119,Quitman County,MS,NONE
47107,McMinn County,TN,MICRO
47175,Van Buren County,TN,NONE
36001,Albany County,NY,METRO
29221,Washington County,MO,NONE
05035,Crittenden County,AR,METRO
48281,Lampasas County,TX,METRO
54089,Summers County,WV,NONE
26119,Montmorency County,MI,NONE
31021,Burt County,NE,NONE
54073,Pleasants County,WV,NONE
35006,Cibola County,NM,MICRO
31109,Lancaster County,NE,METRO
29155,Pemiscot County,MO,NONE
26147,St. Clair County,MI,METRO
45037,Edgefield County,SC,METRO
42085,Mercer County,PA,METRO
40113,Osage County,OK,METRO
40121,Pittsburg County,OK,MICRO
53057,Skagit County,WA,METRO
51730,Petersburg city,VA,METRO
05117,Prairie County,AR,NONE
26013,Baraga County,MI,NONE
24031,Montgomery County,MD,METRO
17043,DuPage County,IL,METRO
47171,Unicoi County,TN,METRO
19171,Tama County,IA,NONE
20021,Cherokee County,KS,NONE
53031,Jefferson County,WA,NONE
55063,La Crosse County,WI,METRO
26047,Emmet County,MI,NONE
51640,Galax city,VA,NONE
47091,Johnson County,TN,NONE
02188,Northwest Arctic Borough,AK,NONE
39157,Tuscarawas County,OH,MICRO
20069,Gray County,KS,NONE
19147,Palo Alto County,IA,NONE
17067,Hancock County,IL,MICRO
46071,Jackson County,SD,NONE
16013,Blaine County,ID,MICRO
55095,Polk County,WI,NONE
72071,Isabela Municipio,PR,METRO
21105,Hickman County,KY,NONE
47055,Giles County,TN,NONE
48029,Bexar County,TX,METRO
20195,Trego County,KS,NONE
56005,Campbell County,WY,MICRO
13249,Schley County,GA,MICRO
47007,Bledsoe County,TN,NONE
13243,Randolph County,GA,NONE
48433,Stonewall County,TX,NONE
21101,Henderson County,KY,METRO
22041,Franklin Parish,LA,NONE
26083,Keweenaw County,MI,MICRO
18175,Washington County,IN,METRO
13045,Carroll County,GA,METRO
26097,Mackinac County,MI,NONE
47097,Lauderdale County,TN,NONE
46103,Pennington County,SD,METRO
02282,Yakutat City and Borough,AK,NONE
08123,Weld County,CO,METRO
19023,Butler County,IA,NONE
16045,Gem County,ID,METRO
19015,Boone County,IA,MICRO
42029,Chester County,PA,METRO
47009,Blount County,TN,METRO
17057,Fulton County,IL,MICRO
22045,Iberia Parish,LA,METRO
28097,Montgomery County,MS,NONE
48401,Rusk County,TX,METRO
37131,Northampton County,NC,MICRO
54039,Kanawha County,WV,METRO
19111,Lee County,IA,MICRO
56043,Washakie County,WY,NONE
05071,Johnson County,AR,NONE
28107,Panola County,MS,NONE
31031,Cherry County,NE,NONE
33017,Strafford County,NH,METRO
16079,Shoshone County,ID,NONE
31043,Dakota County,NE,METRO
32003,Clark County,NV,METRO
48159,Franklin County,TX,NONE
20073,Greenwood County,KS,NONE
08115,Sedgwick County,CO,NONE
27063,Jackson County,MN,NONE
30077,Powell County,MT,NONE
40115,Ottawa County,OK,MICRO
18059,Hancock County,IN,METRO
51191,Washington County,VA,METRO
42019,Butler County,PA,METRO
21185,Oldham County,KY,METRO
21049,Clark County,KY,METRO
01027,Clay County,AL,NONE
26153,Schoolcraft County,MI,NONE
24045,Wicomico County,MD,METRO
36041,Hamilton County,NY,NONE
48215,Hidalgo County,TX,METRO
05031,Craighead County,AR,METRO
08001,Adams County,CO,METRO
39021,Champaign County,OH,MICRO
25007,Dukes County,MA,MICRO
35043,Sandoval County,NM,METRO
31141,Platte County,NE,MICRO
46005,Beadle County,SD,MICRO
26043,Dickinson County,MI,MICRO
47151,Scott County,TN,NONE
29035,Carter County,MO,NONE
55035,Eau Claire County,WI,METRO
20203,Wichita County,KS,NONE
05041,Desha County,AR,NONE
27161,Waseca County,MN,NONE
32021,Mineral County,NV,NONE
36009,Cattaraugus County,NY,MICRO
41041,Lincoln County,OR,MICRO
21005,Anderson County,KY,MICRO
06089,Shasta County,CA,METRO
54101,Webster County,WV,NONE
17181,Union County,IL,NONE
36037,Genesee County,NY,MICRO
29141,Morgan County,MO,NONE
26027,Cass County,MI,METRO
72105,Naranjito Municipio,PR,METRO
01001,Autauga County,AL,METRO
06087,Santa Cruz County,CA,METRO
39025,Clermont County,OH,METRO
09015,Windham County,CT,METRO
20007,Barber County,KS,NONE
42037,Columbia County,PA,METRO
06029,Kern County,CA,METRO
37191,Wayne County,NC,METRO
27077,Lake of the Woods County,MN,NONE
48093,Comanche County,TX,NONE
27111,Otter Tail County,MN,MICRO
36099,Seneca County,NY,MICRO
54063,Monroe County,WV,NONE
42109,Snyder County,PA,MICRO
18161,Union County,IN,METRO
50021,Rutland County,VT,MICRO
27141,Sherburne County,MN,METRO
38053,McKenzie County,ND,NONE
24015,Cecil County,MD,METRO
26103,Marquette County,MI,MICRO
20101,Lane County,KS,NONE
26091,Lenawee County,MI,MICRO
13007,Baker County,GA,METRO
30061,Mineral County,MT,NONE
29067,Douglas County,MO,NONE
05043,Drew County,AR,NONE
22027,Claiborne Parish,LA,NONE
13131,Grady County,GA,NONE
37075,Graham County,NC,NONE
20181,Sherman County,KS,NONE
13029,Bryan County,GA,METRO
19105,Jones County,IA,METRO
21211,Shelby County,KY,METRO
22101,St. Mary Parish,LA,MICRO
47117,Marshall County,TN,MICRO
38045,LaMoure County,ND,NONE
48415,Scurry County,TX,MICRO
51045,Craig County,VA,METRO
12079,Madison County,FL,NONE
51830,Williamsburg city,VA,METRO
46121,Todd County,SD,NONE
46009,Bon Homme County,SD,NONE
23009,Hancock County,ME,NONE
22057,Lafourche Parish,LA,METRO
19083,Hardin County,IA,NONE
37177,Tyrrell County,NC,MICRO
48251,Johnson County,TX,METRO
51075,Goochland County,VA,METRO
13225,Peach County,GA,METRO
49017,Garfield County,UT,NONE
46115,Spink County,SD,NONE
30029,Flathead County,MT,MICRO
74300,Midway Islands,UM,NONE
17009,Brown County,IL,NONE
28159,Winston County,MS,NONE
06071,San Bernardino County,CA,METRO
49001,Beaver County,UT,NONE
35061,Valencia County,NM,METRO
72151,Yabucoa Municipio,PR,METRO
17093,Kendall County,IL,METRO
21095,Harlan County,KY,NONE
22121,West Baton Rouge Parish,LA,METRO
48163,Frio County,TX,NONE
04021,Pinal County,AZ,METRO
51059,Fairfax County,VA,METRO
27117,Pipestone County,MN,NONE
02185,North Slope Borough,AK,NONE
48337,Montague County,TX,NONE
28009,Benton County,MS,METRO
21035,Calloway County,KY,MICRO
08075,Logan County,CO,MICRO
05013,Calhoun County,AR,MICRO
12001,Alachua County,FL,METRO
37189,Watauga County,NC,MICRO
47035,Cumberland County,TN,MICRO
22009,Avoyelles Parish,LA,NONE
47143,Rhea County,TN,MICRO
21183,Ohio County,KY,NONE
18141,St. Joseph County,IN,METRO
02130,Ketchikan Gateway Borough,AK,MICRO
05009,Boone County,AR,MICRO
24035,Queen Anne's County,MD,METRO
28053,Humphreys County,MS,NONE
46047,Fall River County,SD,NONE
18165,Vermillion County,IN,METRO
37061,Duplin County,NC,NONE
48359,Oldham County,TX,METRO
21221,Trigg County,KY,METRO
55021,Columbia County,WI,METRO
13271,Telfair County,GA,NONE
06113,Yolo County,CA,METRO
28143,Tunica County,MS,METRO
12035,Flagler County,FL,METRO
37167,Stanly County,NC,MICRO
22083,Richland Parish,LA,NONE
72121,Sabana Grande Municipio,PR,METRO
26067,Ionia County,MI,MICRO
48391,Refugio County,TX,NONE
04011,Greenlee County,AZ,NONE
26161,Washtenaw County,MI,METRO
51013,Arlington County,VA,METRO
19059,Dickinson County,IA,MICRO
37159,Rowan County,NC,METRO
72067,Hormigueros Municipio,PR,METRO
01041,Crenshaw County,AL,NONE
48125,Dickens County,TX,NONE
19131,Mitchell County,IA,NONE
05111,Poinsett County,AR,METRO
53015,Cowlitz County,WA,METRO
29011,Barton County,MO,NONE
48243,Jeff Davis County,TX,NONE
27121,Pope County,MN,NONE
72097,Mayaguez Municipio,PR,METRO
45045,Greenville County,SC,METRO
31135,Perkins County,NE,NONE
28091,Marion County,MS,NONE
20153,Rawlins County,KS,NONE
13205,Mitchell County,GA,NONE
78010,St. Croix Island,VI,NONE
13255,Spalding County,GA,METRO
39171,Williams County,OH,NONE
20201,Washington County,KS,NONE
51101,King William County,VA,METRO
19165,Shelby County,IA,NONE
47119,Maury County,TN,METRO
48309,McLennan County,TX,METRO
01017,Chambers County,AL,MICRO
19167,Sioux County,IA,NONE
31053,Dodge County,NE,MICRO
08041,El Paso County,CO,METRO
48071,Chambers County,TX,METRO
19179,Wapello County,IA,MICRO
05055,Greene County,AR,MICRO
47003,Bedford County,TN,MICRO
21111,Jefferson County,KY,METRO
51097,King and Queen County,VA,NONE
31039,Cuming County,NE,NONE
09011,New London County,CT,METRO
47051,Franklin County,TN,MICRO
24041,Talbot County,MD,MICRO
21029,Bullitt County,KY,METRO
21107,Hopkins County,KY,MICRO
55099,Price County,WI,NONE
48287,Lee County,TX,NONE
54067,Nicholas County,WV,NONE
08014,Broomfield County,CO,METRO
46137,Ziebach County,SD,NONE
48389,Reeves County,TX,MICRO
18067,Howard County,IN,METRO
49049,Utah County,UT,METRO
19115,Louisa County,IA,NONE
29229,Wright County,MO,NONE
18057,Hamilton County,IN,METRO
34005,Burlington County,NJ,METRO
51009,Amherst County,VA,METRO
21019,Boyd County,KY,METRO
46011,Brookings County,SD,MICRO
20173,Sedgwick County,KS,METRO
17079,Jasper County,IL,NONE
54091,Taylor County,WV,MICRO
06045,Mendocino County,CA,MICRO
27043,Faribault County,MN,NONE
31169,Thayer County,NE,NONE
27133,Rock County,MN,NONE
28127,Simpson County,MS,METRO
55013,Burnett County,WI,NONE
72045,Comerio Municipio,PR,METRO
55135,Waupaca County,WI,NONE
44007,Providence County,RI,METRO
26095,Luce County,MI,NONE
36075,Oswego County,NY,METRO
37015,Bertie County,NC,NONE
19075,Grundy County,IA,METRO
22001,Acadia Parish,LA,METRO
29031,Cape Girardeau County,MO,METRO
06053,Monterey County,CA,METRO
48041,Brazos County,TX,METRO
55061,Kewaunee County,WI,METRO
48101,Cottle County,TX,NONE
01043,Cullman County,AL,MICRO
08059,Jefferson County,CO,METRO
55077,Marquette County,WI,NONE
06007,Butte County,CA,METRO
17179,Tazewell County,IL,METRO
21137,Lincoln County,KY,MICRO
01049,DeKalb County,AL,NONE
13275,Thomas County,GA,MICRO
26157,Tuscola County,MI,NONE
29131,Miller County,MO,NONE
18169,Wabash County,IN,MICRO
48383,Reagan County,TX,NONE
37145,Person County,NC,METRO
51041,Chesterfield County,VA,METRO
21115,Johnson County,KY,NONE
49055,Wayne County,UT,NONE
08113,San Miguel County,CO,NONE
55113,Sawyer County,WI,NONE
06103,Tehama County,CA,MICRO
38087,Slope County,ND,NONE
38091,Steele County,ND,NONE
05067,Jackson County,AR,NONE
27135,Roseau County,MN,NONE
72033,Catano Municipio,PR,METRO
21027,Breckinridge County,KY,NONE
31009,Blaine County,NE,NONE
41071,Yamhill County,OR,METRO
51735,Poquoson city,VA,METRO
28029,Copiah County,MS,METRO
33007,Coos County,NH,MICRO
48505,Zapata County,TX,MICRO
08015,Chaffee County,CO,NONE
21065,Estill County,KY,NONE
01067,Henry County,AL,METRO
47069,Hardeman County,TN,NONE
28077,Lawrence County,MS,NONE
51137,Orange County,VA,NONE
37157,Rockingham County,NC,METRO
54053,Mason County,WV,MICRO
02100,Haines Borough,AK,NONE
29055,Crawford County,MO,NONE
01005,Barbour County,AL,NONE
18013,Brown County,IN,METRO
26029,Charlevoix County,MI,NONE
12049,Hardee County,FL,MICRO
05115,Pope County,AR,MICRO
21177,Muhlenberg County,KY,NONE
12047,Hamilton County,FL,NONE
37069,Franklin County,NC,METRO
18055,Greene County,IN,NONE
53063,Spokane County,WA,METRO
41065,Wasco County,OR,MICRO
46083,Lincoln County,SD,METRO
22085,Sabine Parish,LA,NONE
06115,Yuba County,CA,METRO
48135,Ector County,TX,METRO
40133,Seminole County,OK,NONE
41053,Polk County,OR,METRO
17163,St. Clair County,IL,METRO
22055,Lafayette Parish,LA,METRO
48371,Pecos County,TX,NONE
40119,Payne County,OK,MICRO
40037,Creek County,OK,METRO
28039,George County,MS,NONE
01065,Hale County,AL,METRO
08029,Delta County,CO,NONE
19057,Des Moines County,IA,MICRO
09007,Middlesex County,CT,METRO
21229,Washington County,KY,NONE
49011,Davis County,UT,METRO
16021,Boundary County,ID,NONE
39013,Belmont County,OH,METRO
72079,Lajas Municipio,PR,METRO
20193,Thomas County,KS,NONE
48097,Cooke County,TX,MICRO
05113,Polk County,AR,NONE
48327,Menard County,TX,NONE
31115,Loup County,NE,NONE
05069,Jefferson County,AR,METRO
37091,Hertford County,NC,NONE
47173,Union County,TN,METRO
37105,Lee County,NC,MICRO
30003,Big Horn County,MT,NONE
42105,Potter County,PA,NONE
20205,Wilson County,KS,NONE
39103,Medina County,OH,METRO
48293,Limestone County,TX,NONE
05147,Woodruff County,AR,NONE
39041,Delaware County,OH,METRO
13059,Clarke County,GA,METRO
51007,Amelia County,VA,METRO
47127,Moore County,TN,MICRO
28067,Jones County,MS,MICRO
55087,Outagamie County,WI,METRO
41039,Lane County,OR,METRO
46007,Bennett County,SD,NONE
05083,Logan County,AR,NONE
21205,Rowan County,KY,NONE
26085,Lake County,MI,NONE
48431,Sterling County,TX,NONE
01045,Dale County,AL,MICRO
37181,Vance County,NC,MICRO
29101,Johnson County,MO,MICRO
08101,Pueblo County,CO,METRO
55051,Iron County,WI,NONE
39087,Lawrence County,OH,METRO
06051,Mono County,CA,NONE
29017,Bollinger County,MO,METRO
31143,Polk County,NE,NONE
48051,Burleson County,TX,METRO
30101,Toole County,MT,NONE
51079,Greene County,VA,METRO
05051,Garland County,AR,METRO
29201,Scott County,MO,MICRO
24005,Baltimore County,MD,METRO
48077,Clay County,TX,METRO
27149,Stevens County,MN,NONE
17075,Iroquois County,IL,NONE
22043,Grant Parish,LA,METRO
36093,Schenectady County,NY,METRO
55109,St. Croix County,WI,METRO
51510,Alexandria city,VA,METRO
53025,Grant County,WA,MICRO
48201,Harris County,TX,METRO
12009,Brevard County,FL,METRO
21189,Owsley County,KY,NONE
48473,Waller County,TX,METRO
13009,Baldwin County,GA,MICRO
38031,Foster County,ND,NONE
13051,Chatham County,GA,METRO
38095,Towner County,ND,NONE
40123,Pontotoc County,OK,MICRO
48405,San Augustine County,TX,NONE
13067,Cobb County,GA,METRO
45077,Pickens County,SC,METRO
47113,Madison County,TN,METRO
45025,Chesterfield County,SC,NONE
45081,Saluda County,SC,METRO
40011,Blaine County,OK,NONE
29189,St. Louis County,MO,METRO
05061,Howard County,AR,NONE
30085,Roosevelt County,MT,NONE
21133,Letcher County,KY,NONE
18021,Clay County,IN,METRO
06067,Sacramento County,CA,METRO
13201,Miller County,GA,NONE
29039,Cedar County,MO,NONE
40107,Okfuskee County,OK,NONE
36033,Franklin County,NY,MICRO
48131,Duval County,TX,NONE
19039,Clarke County,IA,NONE
02270,Wade Hampton Census Area,AK,NONE
46037,Day County,SD,NONE
28061,Jasper County,MS,MICRO
21159,Martin County,KY,NONE
18003,Allen County,IN,METRO
19025,Calhoun County,IA,NONE
55137,Waushara County,WI,NONE
48299,Llano County,TX,NONE
28007,Attala County,MS,NONE
45083,Spartanburg County,SC,METRO
21123,Larue County,KY,METRO
40091,McIntosh County,OK,NONE
55029,Door County,WI,NONE
17171,Scott County,IL,MICRO
48241,Jasper County,TX,NONE
28023,Clarke County,MS,MICRO
19089,Howard County,IA,NONE
42001,Adams County,PA,METRO
19157,Poweshiek County,IA,NONE
48489,Willacy County,TX,MICRO
26055,Grand Traverse County,MI,MICRO
48477,Washington County,TX,MICRO
06023,Humboldt County,CA,MICRO
05121,Randolph County,AR,NONE
51149,Prince George County,VA,METRO
08107,Routt County,CO,MICRO
01053,Escambia County,AL,NONE
29121,Macon County,MO,NONE
51840,Winchester city,VA,METRO
16033,Clark County,ID,NONE
08035,Douglas County,CO,METRO
46065,Hughes County,SD,MICRO
21063,Elliott County,KY,NONE
17077,Jackson County,IL,METRO
21239,Woodford County,KY,METRO
20027,Clay County,KS,NONE
13305,Wayne County,GA,MICRO
42015,Bradford County,PA,MICRO
19055,Delaware County,IA,NONE
05095,Monroe County,AR,NONE
33011,Hillsborough County,NH,METRO
55119,Taylor County,WI,NONE
36059,Nassau County,NY,METRO
05037,Cross County,AR,NONE
17153,Pulaski County,IL,NONE
06049,Modoc County,CA,NONE
50025,Windham County,VT,NONE
18107,Montgomery County,IN,MICRO
13079,Crawford County,GA,METRO
13053,Chattahoochee County,GA,METRO
13011,Banks County,GA,NONE
05011,Bradley County,AR,NONE
12033,Escambia County,FL,METRO
46093,Meade County,SD,METRO
48335,Mitchell County,TX,NONE
39121,Noble County,OH,NONE
19135,Monroe County,IA,NONE
21079,Garrard County,KY,NONE
22103,St. Tammany Parish,LA,METRO
48105,Crockett County,TX,NONE
18173,Warrick County,IN,METRO
06047,Merced County,CA,METRO
12059,Holmes County,FL,NONE
37057,Davidson County,NC,METRO
21127,Lawrence County,KY,NONE
25003,Berkshire County,MA,METRO
01131,Wilcox County,AL,NONE
30027,Fergus County,MT,NONE
16023,Butte County,ID,METRO
31027,Cedar County,NE,NONE
19011,Benton County,IA,METRO
39027,Clinton County,OH,MICRO
54009,Brooke County,WV,METRO
22015,Bossier Parish,LA,METRO
47025,Claiborne County,TN,NONE
21175,Morgan County,KY,NONE
40153,Woodward County,OK,MICRO
37017,Bladen County,NC,NONE
72101,Morovis Municipio,PR,METRO
27173,Yellow Medicine County,MN,NONE
28057,Itawamba County,MS,MICRO
28017,Chickasaw County,MS,NONE
34027,Morris County,NJ,METRO
17025,Clay County,IL,NONE
24039,Somerset County,MD,METRO
56017,Hot Springs County,WY,NONE
40025,Cimarron County,OK,NONE
19137,Montgomery County,IA,NONE
34023,Middlesex County,NJ,METRO
37067,Forsyth County,NC,METRO
72117,Rincon Municipio,PR,METRO
48255,Karnes County,TX,NONE
05107,Phillips County,AR,MICRO
29015,Benton County,MO,NONE
20143,Ottawa County,KS,MICRO
38025,Dunn County,ND,NONE
38001,Adams County,ND,NONE
36005,Bronx County,NY,METRO
31093,Howard County,NE,METRO
27073,Lac qui Parle County,MN,NONE
37141,Pender County,NC,METRO
46085,Lyman County,SD,NONE
29083,Henry County,MO,NONE
21155,Marion County,KY,NONE
21053,Clinton County,KY,NONE
08071,Las Animas County,CO,NONE
47053,Gibson County,TN,NONE
54023,Grant County,WV,NONE
48043,Brewster County,TX,NONE
06035,Lassen County,CA,MICRO
48177,Gonzales County,TX,NONE
60030,Rose Island,AS,NONE
19061,Dubuque County,IA,METRO
19193,Woodbury County,IA,METRO
18157,Tippecanoe County,IN,METRO
41057,Tillamook County,OR,NONE
21059,Daviess County,KY,METRO
39137,Putnam County,OH,NONE
26121,Muskegon County,MI,METRO
06003,Alpine County,CA,NONE
18045,Fountain County,IN,NONE
28161,Yalobusha County,MS,NONE
51790,Staunton city,VA,METRO
42077,Lehigh County,PA,METRO
47157,Shelby County,TN,METRO
19187,Webster County,IA,MICRO
72013,Arecibo Municipio,PR,METRO
28125,Sharkey County,MS,NONE
48387,Red River County,TX,NONE
21231,Wayne County,KY,NONE
02070,Dillingham Census Area,AK,NONE
48263,Kent County,TX,NONE
31037,Colfax County,NE,NONE
51710,Norfolk city,VA,METRO
21145,McCracken County,KY,MICRO
16035,Clearwater County,ID,NONE
21193,Perry County,KY,NONE
21073,Franklin County,KY,MICRO
42097,Northumberland County,PA,MICRO
56033,Sheridan County,WY,MICRO
42043,Dauphin County,PA,METRO
21161,Mason County,KY,MICRO
37165,Scotland County,NC,MICRO
53051,Pend Oreille County,WA,METRO
48119,Delta County,TX,NONE
26011,Arenac County,MI,NONE
53065,Stevens County,WA,METRO
28021,Claiborne County,MS,MICRO
20033,Comanche County,KS,NONE
05047,Franklin County,AR,NONE
17185,Wabash County,IL,NONE
48211,Hemphill County,TX,NONE
48089,Colorado County,TX,NONE
20109,Logan County,KS,NONE
12087,Monroe County,FL,MICRO
48195,Hansford County,TX,NONE
72125,San German Municipio,PR,METRO
37005,Alleghany County,NC,NONE
37115,Madison County,NC,METRO
26159,Van Buren County,MI,METRO
31013,Box Butte County,NE,NONE
56009,Converse County,WY,NONE
17085,Jo Daviess County,IL,NONE
20049,Elk County,KS,NONE
31091,Hooker County,NE,NONE
01103,Morgan County,AL,METRO
22003,Allen Parish,LA,NONE
37003,Alexander County,NC,METRO
39015,Brown County,OH,METRO
17055,Franklin County,IL,NONE
42103,Pike County,PA,METRO
55071,Manitowoc County,WI,MICRO
38043,Kidder County,ND,NONE
54025,Greenbrier County,WV,NONE
51159,Richmond County,VA,NONE
15007,Kauai County,HI,MICRO
48399,Runnels County,TX,NONE
13261,Sumter County,GA,MICRO
16037,Custer County,ID,NONE
13089,DeKalb County,GA,METRO
20151,Pratt County,KS,NONE
13069,Coffee County,GA,MICRO
30069,Petroleum County,MT,NONE
17193,White County,IL,NONE
51087,Henrico County,VA,METRO
13297,Walton County,GA,METRO
18035,Delaware County,IN,METRO
37043,Clay County,NC,NONE
40141,Tillman County,OK,NONE
05007,Benton County,AR,METRO
31025,Cass County,NE,METRO
22077,Pointe Coupee Parish,LA,METRO
39133,Portage County,OH,METRO
46111,Sanborn County,SD,NONE
54001,Barbour County,WV,NONE
32029,Storey County,NV,METRO
23027,Waldo County,ME,NONE
48277,Lamar County,TX,MICRO
06041,Marin County,CA,METRO
18149,Starke County,IN,NONE
13141,Hancock County,GA,MICRO
06073,San Diego County,CA,METRO
48011,Armstrong County,TX,METRO
40005,Atoka County,OK,NONE
27089,Marshall County,MN,NONE
12055,Highlands County,FL,METRO
41011,Coos County,OR,MICRO
72043,Coamo Municipio,PR,MICRO
19133,Monona County,IA,NONE
35053,Socorro County,NM,NONE
30071,Phillips County,MT,NONE
48087,Collingsworth County,TX,NONE
38017,Cass County,ND,METRO
46129,Walworth County,SD,NONE
13219,Oconee County,GA,METRO
20085,Jackson County,KS,METRO
09009,New Haven County,CT,METRO
48021,Bastrop County,TX,METRO
54061,Monongalia County,WV,METRO
13213,Murray County,GA,METRO
13147,Hart County,GA,NONE
33005,Cheshire County,NH,MICRO
13191,McIntosh County,GA,METRO
20105,Lincoln County,KS,NONE
22037,East Feliciana Parish,LA,METRO
41015,Curry County,OR,MICRO
16019,Bonneville County,ID,METRO
13211,Morgan County,GA,METRO
48221,Hood County,TX,METRO
48301,Loving County,TX,NONE
45017,Calhoun County,SC,METRO
20075,Hamilton County,KS,NONE
28049,Hinds County,MS,METRO
18081,Johnson County,IN,METRO
29029,Camden County,MO,NONE
42089,Monroe County,PA,METRO
51193,Westmoreland County,VA,NONE
39047,Fayette County,OH,MICRO
13239,Quitman County,GA,NONE
40023,Choctaw County,OK,NONE
47011,Bradley County,TN,METRO
25017,Middlesex County,MA,METRO
17159,Richland County,IL,NONE
18155,Switzerland County,IN,NONE
29510,St. Louis city,MO,METRO
27103,Nicollet County,MN,METRO
01107,Pickens County,AL,METRO
48247,Jim Hogg County,TX,NONE
48141,El Paso County,TX,METRO
26101,Manistee County,MI,NONE
27081,Lincoln County,MN,NONE
72073,Jayuya Municipio,PR,MICRO
48313,Madison County,TX,NONE
25005,Bristol County,MA,METRO
50003,Bennington County,VT,MICRO
46043,Douglas County,SD,NONE
12115,Sarasota County,FL,METRO
38099,Walsh County,ND,NONE
48407,San Jacinto County,TX,NONE
32009,Esmeralda County,NV,NONE
48147,Fannin County,TX,NONE
20025,Clark County,KS,NONE
54087,Roane County,WV,NONE
51111,Lunenburg County,VA,NONE
21197,Powell County,KY,NONE
08093,Park County,CO,METRO
49047,Uintah County,UT,MICRO
37109,Lincoln County,NC,METRO
48197,Hardeman County,TX,NONE
48353,Nolan County,TX,MICRO
23001,Androscoggin County,ME,METRO
55078,Menominee County,WI,MICRO
54069,Ohio County,WV,METRO
13299,Ware County,GA,MICRO
29081,Harrison County,MO,NONE
54085,Ritchie County,WV,NONE
72091,Manati Municipio,PR,METRO
06111,Ventura County,CA,METRO
06101,Sutter County,CA,METRO
48369,Parmer County,TX,NONE
45075,Orangeburg County,SC,MICRO
31087,Hitchcock County,NE,NONE
47001,Anderson County,TN,METRO
06039,Madera County,CA,METRO
36043,Herkimer County,NY,METRO
17007,Boone County,IL,METRO
12083,Marion County,FL,METRO
24047,Worcester County,MD,METRO
01101,Montgomery County,AL,METRO
31099,Kearney County,NE,MICRO
38063,Nelson County,ND,NONE
12037,Franklin County,FL,NONE
37173,Swain County,NC,NONE
42113,Sullivan County,PA,NONE
22017,Caddo Parish,LA,METRO
21121,Knox County,KY,MICRO
40147,Washington County,OK,MICRO
47015,Cannon County,TN,METRO
21045,Casey County,KY,NONE
46069,Hyde County,SD,NONE
40099,Murray County,OK,NONE
05057,Hempstead County,AR,NONE
13001,Appling County,GA,NONE
72005,Aguadilla Municipio,PR,METRO
20111,Lyon County,KS,MICRO
31185,York County,NE,NONE
28157,Wilkinson County,MS,NONE
30007,Broadwater County,MT,NONE
13265,Taliaferro County,GA,NONE
22119,Webster Parish,LA,METRO
37119,Mecklenburg County,NC,METRO
54109,Wyoming County,WV,NONE
06085,Santa Clara County,CA,METRO
37193,Wilkes County,NC,MICRO
41067,Washington County,OR,METRO
35003,Catron County,NM,NONE
01051,Elmore County,AL,METRO
29093,Iron County,MO,NONE
48137,Edwards County,TX,NONE
51109,Louisa County,VA,NONE
48275,Knox County,TX,NONE
20113,McPherson County,KS,MICRO
55065,Lafayette County,WI,NONE
51610,Falls Church city,VA,METRO
72001,Adjuntas Municipio,PR,MICRO
47167,Tipton County,TN,METRO
01039,Covington County,AL,NONE
26033,Chippewa County,MI,MICRO
13049,Charlton County,GA,NONE
36105,Sullivan County,NY,NONE
39049,Franklin County,OH,METRO
08025,Crowley County,CO,NONE
47019,Carter County,TN,METRO
19003,Adams County,IA,NONE
55093,Pierce County,WI,METRO
40149,Washita County,OK,NONE
17099,LaSalle County,IL,MICRO
48345,Motley County,TX,NONE
48463,Uvalde County,TX,MICRO
47139,Polk County,TN,METRO
48153,Floyd County,TX,NONE
30079,Prairie County,MT,NONE
48461,Upton County,TX,NONE
05131,Sebastian County,AR,METRO
01097,Mobile County,AL,METRO
38027,Eddy County,ND,NONE
45021,Cherokee County,SC,MICRO
48037,Bowie County,TX,METRO
27021,Cass County,MN,MICRO
72131,San Sebastian Municipio,PR,METRO
48269,King County,TX,NONE
47121,Meigs County,TN,NONE
54051,Marshall County,WV,METRO
16059,Lemhi County,ID,NONE
17019,Champaign County,IL,METRO
20115,Marion County,KS,NONE
27159,Wadena County,MN,NONE
36107,Tioga County,NY,METRO
38083,Sheridan County,ND,NONE
27101,Murray County,MN,NONE
19127,Marshall County,IA,MICRO
13005,Bacon County,GA,NONE
36103,Suffolk County,NY,METRO
35001,Bernalillo County,NM,METRO
17017,Cass County,IL,NONE
48417,Shackelford County,TX,NONE
38105,Williams County,ND,MICRO
31133,Pawnee County,NE,NONE
53035,Kitsap County,WA,METRO
21169,Metcalfe County,KY,MICRO
24017,Charles County,MD,METRO
05139,Union County,AR,MICRO
05143,Washington County,AR,METRO
51115,Mathews County,VA,METRO
08097,Pitkin County,CO,MICRO
40047,Garfield County,OK,MICRO
39169,Wayne County,OH,MICRO
01055,Etowah County,AL,METRO
54049,Marion County,WV,MICRO
30093,Silver Bow County,MT,MICRO
48199,Hardin County,TX,METRO
12031,Duval County,FL,METRO
24019,Dorchester County,MD,MICRO
50011,Franklin County,VT,METRO
46135,Yankton County,SD,MICRO
72061,Guaynabo Municipio,PR,METRO
18179,Wells County,IN,METRO
13023,Bleckley County,GA,NONE
30049,Lewis and Clark County,MT,MICRO
17065,Hamilton County,IL,NONE
46017,Buffalo County,SD,NONE
02230,Skagway Municipality,AK,NONE
19037,Chickasaw County,IA,NONE
48487,Wilbarger County,TX,MICRO
38047,Logan County,ND,NONE
50013,Grand Isle County,VT,METRO
24021,Frederick County,MD,METRO
51063,Floyd County,VA,METRO
20163,Rooks County,KS,NONE
34019,Hunterdon County,NJ,METRO
47031,Coffee County,TN,MICRO
31051,Dixon County,NE,METRO
35047,San Miguel County,NM,MICRO
13057,Cherokee County,GA,METRO
18115,Ohio County,IN,METRO
48297,Live Oak County,TX,NONE
04003,Cochise County,AZ,METRO
39039,Defiance County,OH,MICRO
45059,Laurens County,SC,METRO
02068,Denali Borough,AK,NONE
50015,Lamoille County,VT,NONE
19117,Lucas County,IA,NONE
19123,Mahaska County,IA,MICRO
45011,Barnwell County,SC,NONE
37083,Halifax County,NC,MICRO
17131,Mercer County,IL,METRO
48013,Atascosa County,TX,METRO
48179,Gray County,TX,MICRO
01021,Chilton County,AL,METRO
23007,Franklin County,ME,NONE
18039,Elkhart County,IN,METRO
13209,Montgomery County,GA,MICRO
48321,Matagorda County,TX,MICRO
34033,Salem County,NJ,METRO
18015,Carroll County,IN,METRO
72085,Las Piedras Municipio,PR,METRO
45007,Anderson County,SC,METRO
35033,Mora County,NM,NONE
51003,Albemarle County,VA,METRO
21125,Laurel County,KY,MICRO
13033,Burke County,GA,METRO
19045,Clinton County,IA,MICRO
28145,Union County,MS,NONE
37143,Perquimans County,NC,MICRO
31007,Banner County,NE,MICRO
30111,Yellowstone County,MT,METRO
72027,Camuy Municipio,PR,METRO
18151,Steuben County,IN,MICRO
13019,Berrien County,GA,NONE
13143,Haralson County,GA,METRO
37179,Union County,NC,METRO
13215,Muscogee County,GA,METRO
20161,Riley County,KS,METRO
46125,Turner County,SD,METRO
53047,Okanogan County,WA,NONE
38039,Griggs County,ND,NONE
18105,Monroe County,IN,METRO
55009,Brown County,WI,METRO
51131,Northampton County,VA,NONE
20171,Scott County,KS,NONE
08095,Phillips County,CO,NONE
28065,Jefferson Davis County,MS,NONE
49037,San Juan County,UT,NONE
08121,Washington County,CO,NONE
20145,Pawnee County,KS,NONE
04001,Apache County,AZ,NONE
51590,Danville city,VA,MICRO
17191,Wayne County,IL,NONE
19177,Van Buren County,IA,NONE
48317,Martin County,TX,METRO
13017,Ben Hill County,GA,MICRO
08031,Denver County,CO,METRO
12113,Santa Rosa County,FL,METRO
53043,Lincoln County,WA,NONE
47067,Hancock County,TN,NONE
39109,Miami County,OH,METRO
29199,Scotland County,MO,NONE
31119,Madison County,NE,MICRO
13113,Fayette County,GA,METRO
12133,Washington County,FL,NONE
56031,Platte County,WY,NONE
39161,Van Wert County,OH,MICRO
19077,Guthrie County,IA,METRO
40031,Comanche County,OK,METRO
18009,Blackford County,IN,NONE
45033,Dillon County,SC,NONE
17175,Stark County,IL,METRO
56035,Sublette County,WY,NONE
31159,Seward County,NE,METRO
01015,Calhoun County,AL,METRO
29027,Callaway County,MO,METRO
48157,Fort Bend County,TX,METRO
31029,Chase County,NE,NONE
51061,Fauquier County,VA,METRO
01081,Lee County,AL,METRO
28031,Covington County,MS,NONE
25023,Plymouth County,MA,METRO
51195,Wise County,VA,MICRO
36035,Fulton County,NY,MICRO
17059,Gallatin County,IL,NONE
12097,Osceola County,FL,METRO
20041,Dickinson County,KS,NONE
39151,Stark County,OH,METRO
17155,Putnam County,IL,MICRO
17029,Coles County,IL,MICRO
17167,Sangamon County,IL,METRO
39159,Union County,OH,METRO
39057,Greene County,OH,METRO
51700,Newport News city,VA,METRO
28003,Alcorn County,MS,MICRO
19035,Cherokee County,IA,NONE
45013,Beaufort County,SC,METRO
48435,Sutton County,TX,NONE
48055,Caldwell County,TX,METRO
51177,Spotsylvania County,VA,METRO
31177,Washington County,NE,METRO
46073,Jerauld County,SD,NONE
54015,Clay County,WV,METRO
08067,La Plata County,CO,MICRO
42013,Blair County,PA,METRO
04009,Graham County,AZ,MICRO
01011,Bullock County,AL,NONE
45087,Union County,SC,METRO
55059,Kenosha County,WI,METRO
38061,Mountrail County,ND,NONE
51019,Bedford County,VA,METRO
09003,Hartford County,CT,METRO
72023,Cabo Rojo Municipio,PR,METRO
28121,Rankin County,MS,METRO
29147,Nodaway County,MO,MICRO
45091,York County,SC,METRO
30039,Granite County,MT,NONE
13103,Effingham County,GA,METRO
35039,Rio Arriba County,NM,MICRO
26001,Alcona County,MI,NONE
40129,Roger Mills County,OK,NONE
55057,Juneau County,WI,NONE
27001,Aitkin County,MN,NONE
13121,Fulton County,GA,METRO
17053,Ford County,IL,METRO
48493,Wilson County,TX,METRO
44003,Kent County,RI,METRO
51810,Virginia Beach city,VA,METRO
48039,Brazoria County,TX,METRO
29115,Linn County,MO,NONE
36057,Montgomery County,NY,MICRO
37127,Nash County,NC,METRO
20093,Kearny County,KS,MICRO
53009,Clallam County,WA,MICRO
48057,Calhoun County,TX,MICRO
35021,Harding County,NM,NONE
38023,Divide County,ND,NONE
46119,Sully County,SD,MICRO
19163,Scott County,IA,METRO
16077,Power County,ID,NONE
01115,St. Clair County,AL,METRO
12053,Hernando County,FL,METRO
55047,Green Lake County,WI,NONE
24027,Howard County,MD,METRO
51071,Giles County,VA,METRO
05025,Cleveland County,AR,METRO
26163,Wayne County,MI,METRO
08087,Morgan County,CO,MICRO
54083,Randolph County,WV,MICRO
17119,Madison County,IL,METRO
06013,Contra Costa County,CA,METRO
72031,Carolina Municipio,PR,METRO
47095,Lake County,TN,NONE
50001,Addison County,VT,NONE
47013,Campbell County,TN,METRO
05103,Ouachita County,AR,MICRO
21179,Nelson County,KY,MICRO
37089,Henderson County,NC,METRO
13091,Dodge County,GA,NONE
51740,Portsmouth city,VA,METRO
48225,Houston County,TX,NONE
48429,Stephens County,TX,NONE
21157,Marshall County,KY,NONE
45015,Berkeley County,SC,METRO
49057,Weber County,UT,METRO
48025,Bee County,TX,MICRO
25011,Franklin County,MA,MICRO
37107,Lenoir County,NC,MICRO
72019,Barranquitas Municipio,PR,METRO
26061,Houghton County,MI,MICRO
37097,Iredell County,NC,METRO
18053,Grant County,IN,MICRO
37155,Robeson County,NC,MICRO
30017,Custer County,MT,NONE
39053,Gallia County,OH,MICRO
53045,Mason County,WA,MICRO
13155,Irwin County,GA,NONE
01121,Talladega County,AL,MICRO
28089,Madison County,MS,METRO
12021,Collier County,FL,METRO
41043,Linn County,OR,METRO
19149,Plymouth County,IA,METRO
54013,Calhoun County,WV,NONE
39001,Adams County,OH,NONE
48235,Irion County,TX,METRO
42083,McKean County,PA,MICRO
51069,Frederick County,VA,METRO
72009,Aibonito Municipio,PR,METRO
72141,Utuado Municipio,PR,METRO
36109,Tompkins County,NY,METRO
60010,Eastern District,AS,NONE
13199,Meriwether County,GA,METRO
05125,Saline County,AR,METRO
22071,Orleans Parish,LA,METRO
72081,Lares Municipio,PR,METRO
39083,Knox County,OH,MICRO
29167,Polk County,MO,METRO
33003,Carroll County,NH,NONE
55017,Chippewa County,WI,METRO
49015,Emery County,UT,NONE
01079,Lawrence County,AL,METRO
53029,Island County,WA,MICRO
18095,Madison County,IN,METRO
48161,Freestone County,TX,NONE
22059,La Salle Parish,LA,NONE
32001,Churchill County,NV,MICRO
17047,Edwards County,IL,NONE
48103,Crane County,TX,NONE
46095,Mellette County,SD,NONE
48491,Williamson County,TX,METRO
19139,Muscatine County,IA,MICRO
02016,Aleutians West Census Area,AK,NONE
48083,Coleman County,TX,NONE
39043,Erie County,OH,MICRO
47101,Lewis County,TN,NONE
30053,Lincoln County,MT,NONE
17003,Alexander County,IL,METRO
51035,Carroll County,VA,NONE
13013,Barrow County,GA,METRO
33009,Grafton County,NH,MICRO
32017,Lincoln County,NV,NONE
40057,Harmon County,OK,NONE
28117,Prentiss County,MS,NONE
45005,Allendale County,SC,NONE
51183,Sussex County,VA,METRO
28075,Lauderdale County,MS,MICRO
25019,Nantucket County,MA,NONE
18113,Noble County,IN,MICRO
45023,Chester County,SC,METRO
13273,Terrell County,GA,METRO
27005,Becker County,MN,NONE
28045,Hancock County,MS,METRO
48117,Deaf Smith County,TX,MICRO
29103,Knox County,MO,NONE
35041,Roosevelt County,NM,MICRO
05033,Crawford County,AR,METRO
28113,Pike County,MS,MICRO
37009,Ashe County,NC,NONE
02275,Wrangell City and Borough,AK,NONE
28137,Tate County,MS,METRO
38021,Dickey County,ND,NONE
16075,Payette County,ID,MICRO
27075,Lake County,MN,NONE
72077,Juncos Municipio,PR,METRO
26075,Jackson County,MI,METRO
60040,Swains Island,AS,NONE
19197,Wright County,IA,NONE
41055,Sherman County,OR,NONE
12043,Glades County,FL,NONE
48455,Trinity County,TX,MICRO
05077,Lee County,AR,NONE
12063,Jackson County,FL,NONE
23005,Cumberland County,ME,METRO
27165,Watonwan County,MN,NONE
18171,Warren County,IN,NONE
22013,Bienville Parish,LA,NONE
33013,Merrimack County,NH,MICRO
49035,Salt Lake County,UT,METRO
26089,Leelanau County,MI,MICRO
48349,Navarro County,TX,MICRO
37121,Mitchell County,NC,NONE
41035,Klamath County,OR,MICRO
21223,Trimble County,KY,METRO
31081,Hamilton County,NE,METRO
05127,Scott County,AR,NONE
31035,Clay County,NE,NONE
51820,Waynesboro city,VA,METRO
42039,Crawford County,PA,MICRO
21031,Butler County,KY,METRO
47103,Lincoln County,TN,NONE
42059,Greene County,PA,NONE
56021,Laramie County,WY,METRO
37163,Sampson County,NC,NONE
47085,Humphreys County,TN,NONE
16069,Nez Perce County,ID,METRO
30033,Garfield County,MT,NONE
41019,Douglas County,OR,MICRO
42027,Centre County,PA,METRO
12081,Manatee County,FL,METRO
29111,Lewis County,MO,MICRO
21143,Lyon County,KY,NONE
31097,Johnson County,NE,NONE
21041,Carroll County,KY,NONE
27051,Grant County,MN,NONE
29089,Howard County,MO,NONE
72103,Naguabo Municipio,PR,METRO
18159,Tipton County,IN,NONE
41017,Deschutes County,OR,METRO
51169,Scott County,VA,METRO
06095,Solano County,CA,METRO
37019,Brunswick County,NC,METRO
23003,Aroostook County,ME,NONE
47141,Putnam County,TN,MICRO
51105,Lee County,VA,NONE
47043,Dickson County,TN,METRO
53017,Douglas County,WA,METRO
42061,Huntingdon County,PA,MICRO
26045,Eaton County,MI,METRO
13317,Wilkes County,GA,NONE
16011,Bingham County,ID,MICRO
22067,Morehouse Parish,LA,MICRO
28109,Pearl River County,MS,MICRO
13289,Twiggs County,GA,METRO
05019,Clark County,AR,MICRO
20013,Brown County,KS,NONE
41061,Union County,OR,MICRO
17069,Hardin County,IL,NONE
13101,Echols County,GA,METRO
12093,Okeechobee County,FL,MICRO
47111,Macon County,TN,METRO
12119,Sumter County,FL,METRO
13257,Stephens County,GA,MICRO
35019,Guadalupe County,NM,NONE
42115,Susquehanna County,PA,NONE
30063,Missoula County,MT,METRO
32027,Pershing County,NV,NONE
45061,Lee County,SC,NONE
48261,Kenedy County,TX,MICRO
17013,Calhoun County,IL,METRO
28163,Yazoo County,MS,METRO
06065,Riverside County,CA,METRO
18103,Miami County,IN,MICRO
30067,Park County,MT,NONE
48339,Montgomery County,TX,METRO
26079,Kalkaska County,MI,MICRO
48295,Lipscomb County,TX,NONE
12045,Gulf County,FL,METRO
72087,Loiza Municipio,PR,METRO
12005,Bay County,FL,METRO
42003,Allegheny County,PA,METRO
38037,Grant County,ND,NONE
26151,Sanilac County,MI,NONE
54041,Lewis County,WV,NONE
29211,Sullivan County,MO,NONE
51197,Wythe County,VA,NONE
06019,Fresno County,CA,METRO
51660,Harrisonburg city,VA,METRO
27125,Red Lake County,MN,NONE
20117,Marshall County,KS,NONE
19153,Polk County,IA,METRO
31167,Stanton County,NE,MICRO
20003,Anderson County,KS,NONE
06033,Lake County,CA,MICRO
31179,Wayne County,NE,NONE
13247,Rockdale County,GA,METRO
26015,Barry County,MI,METRO
48333,Mills County,TX,NONE
51595,Emporia city,VA,NONE
45035,Dorchester County,SC,METRO
08043,Fremont County,CO,MICRO
13301,Warren County,GA,NONE
21153,Magoffin County,KY,NONE
48151,Fisher County,TX,NONE
26117,Montcalm County,MI,METRO
27107,Norman County,MN,NONE
21217,Taylor County,KY,MICRO
27079,Le Sueur County,MN,METRO
28069,Kemper County,MS,MICRO
36021,Columbia County,NY,MICRO
22053,Jefferson Davis Parish,LA,NONE
49003,Box Elder County,UT,METRO
19085,Harrison County,IA,METRO
48355,Nueces County,TX,METRO
31079,Hall County,NE,METRO
39009,Athens County,OH,MICRO
20189,Stevens County,KS,NONE
40105,Nowata County,OK,NONE
49013,Duchesne County,UT,NONE
06055,Napa County,CA,METRO
26019,Benzie County,MI,MICRO
48183,Gregg County,TX,METRO
06011,Colusa County,CA,NONE
48017,Bailey County,TX,NONE
39095,Lucas County,OH,METRO
36039,Greene County,NY,NONE
51005,Alleghany County,VA,NONE
26023,Branch County,MI,MICRO
30043,Jefferson County,MT,MICRO
28043,Grenada County,MS,MICRO
20053,Ellsworth County,KS,NONE
13027,Brooks County,GA,METRO
37037,Chatham County,NC,METRO
19095,Iowa County,IA,NONE
48181,Grayson County,TX,METRO
17203,Woodford County,IL,METRO
55081,Monroe County,WI,NONE
05087,Madison County,AR,METRO
12075,Levy County,FL,NONE
13253,Seminole County,GA,NONE
19079,Hamilton County,IA,NONE
42017,Bucks County,PA,METRO
22117,Washington Parish,LA,MICRO
48361,Orange County,TX,METRO
28147,Walthall County,MS,NONE
12041,Gilchrist County,FL,METRO
06037,Los Angeles County,CA,METRO
13171,Lamar County,GA,METRO
22047,Iberville Parish,LA,METRO
36031,Essex County,NY,NONE
18087,LaGrange County,IN,NONE
42033,Clearfield County,PA,MICRO
12123,Taylor County,FL,NONE
48217,Hill County,TX,NONE
54011,Cabell County,WV,METRO
22081,Red River Parish,LA,NONE
72041,Cidra Municipio,PR,METRO
47153,Sequatchie County,TN,METRO
12099,Palm Beach County,FL,METRO
39011,Auglaize County,OH,MICRO
47033,Crockett County,TN,METRO
51065,Fluvanna County,VA,METRO
51171,Shenandoah County,VA,NONE
13295,Walker County,GA,METRO
37013,Beaufort County,NC,MICRO
17081,Jefferson County,IL,MICRO
51161,Roanoke County,VA,METRO
53067,Thurston County,WA,METRO
27025,Chisago County,MN,METRO
05149,Yell County,AR,MICRO
13183,Long County,GA,METRO
42071,Lancaster County,PA,METRO
55121,Trempealeau County,WI,NONE
28041,Greene County,MS,NONE
18063,Hendricks County,IN,METRO
16055,Kootenai County,ID,METRO
48367,Parker County,TX,METRO
50023,Washington County,VT,MICRO
30037,Golden Valley County,MT,METRO
38059,Morton County,ND,METRO
55041,Forest County,WI,NONE
26135,Oscoda County,MI,NONE
01063,Greene County,AL,NONE
55117,Sheboygan County,WI,METRO
53003,Asotin County,WA,METRO
72149,Villalba Municipio,PR,METRO
08045,Garfield County,CO,MICRO
12039,Gadsden County,FL,METRO
20159,Rice County,KS,NONE
06091,Sierra County,CA,NONE
16071,Oneida County,ID,NONE
55001,Adams County,WI,NONE
13291,Union County,GA,NONE
72011,Anasco Municipio,PR,METRO
06005,Amador County,CA,NONE
38051,McIntosh County,ND,NONE
36117,Wayne County,NY,METRO
19183,Washington County,IA,METRO
25027,Worcester County,MA,METRO
51093,Isle of Wight County,VA,METRO
01075,Lamar County,AL,NONE
20119,Meade County,KS,NONE
34039,Union County,NJ,METRO
05005,Baxter County,AR,MICRO
55089,Ozaukee County,WI,METRO
21091,Hancock County,KY,METRO
37117,Martin County,NC,NONE
17011,Bureau County,IL,MICRO
38065,Oliver County,ND,METRO
23019,Penobscot County,ME,METRO
48507,Zavala County,TX,NONE
28083,Leflore County,MS,MICRO
34013,Essex County,NJ,METRO
47037,Davidson County,TN,METRO
31129,Nuckolls County,NE,NONE
34037,Sussex County,NJ,METRO
04013,Maricopa County,AZ,METRO
26069,Iosco County,MI,NONE
55115,Shawano County,WI,MICRO
45067,Marion County,SC,NONE
47137,Pickett County,TN,NONE
49043,Summit County,UT,MICRO
13135,Gwinnett County,GA,METRO
13235,Pulaski County,GA,METRO
29123,Madison County,MO,NONE
20095,Kingman County,KS,METRO
51165,Rockingham County,VA,METRO
35057,Torrance County,NM,METRO
13039,Camden County,GA,MICRO
72135,Toa Alta Municipio,PR,METRO
55111,Sauk County,WI,MICRO
72139,Trujillo Alto Municipio,PR,METRO
30021,Dawson County,MT,NONE
37007,Anson County,NC,NONE
38103,Wells County,ND,NONE
08039,Elbert County,CO,METRO
48191,Hall County,TX,NONE
48311,McMullen County,TX,NONE
29053,Cooper County,MO,NONE
19033,Cerro Gordo County,IA,MICRO
48447,Throckmorton County,TX,NONE
47087,Jackson County,TN,MICRO
27047,Freeborn County,MN,MICRO
32019,Lyon County,NV,MICRO
02122,Kenai Peninsula Borough,AK,NONE
51051,Dickenson County,VA,MICRO
16087,Washington County,ID,NONE
36097,Schuyler County,NY,NONE
47159,Smith County,TN,METRO
21215,Spencer County,KY,METRO
33015,Rockingham County,NH,METRO
26057,Gratiot County,MI,MICRO
39023,Clark County,OH,METRO
53077,Yakima County,WA,METRO
24043,Washington County,MD,METRO
05109,Pike County,AR,NONE
48167,Galveston County,TX,METRO
48113,Dallas County,TX,METRO
01003,Baldwin County,AL,METRO
28033,DeSoto County,MS,METRO
42131,Wyoming County,PA,METRO
18135,Randolph County,IN,NONE
21213,Simpson County,KY,NONE
19043,Clayton County,IA,NONE
51143,Pittsylvania County,VA,MICRO
48145,Falls County,TX,METRO
31069,Garden County,NE,NONE
17001,Adams County,IL,MICRO
21057,Cumberland County,KY,NONE
48365,Panola County,TX,NONE
51099,King George County,VA,NONE
28025,Clay County,MS,NONE
21141,Logan County,KY,NONE
13227,Pickens County,GA,METRO
20043,Doniphan County,KS,METRO
27145,Stearns County,MN,METRO
47115,Marion County,TN,METRO
51163,Rockbridge County,VA,NONE
08085,Montrose County,CO,MICRO
48421,Sherman County,TX,NONE
47083,Houston County,TN,NONE
35055,Taos County,NM,MICRO
17101,Lawrence County,IL,NONE
72054,Florida Municipio,PR,METRO
36123,Yates County,NY,METRO
20017,Chase County,KS,NONE
08103,Rio Blanco County,CO,NONE
12051,Hendry County,FL,MICRO
34017,Hudson County,NJ,METRO
40041,Delaware County,OK,NONE
51107,Loudoun County,VA,METRO
42087,Mifflin County,PA,MICRO
05003,Ashley County,AR,NONE
47005,Benton County,TN,NONE
29071,Franklin County,MO,METRO
46045,Edmunds County,SD,MICRO
13087,Decatur County,GA,MICRO
47125,Montgomery County,TN,METRO
20137,Norton County,KS,NONE
46081,Lawrence County,SD,MICRO
06001,Alameda County,CA,METRO
48065,Carson County,TX,METRO
40101,Muskogee County,OK,MICRO
42133,York County,PA,METRO
45051,Horry County,SC,METRO
28011,Bolivar County,MS,MICRO
12129,Wakulla County,FL,METRO
29051,Cole County,MO,METRO
55005,Barron County,WI,NONE
17027,Clinton County,IL,METRO
29209,Stone County,MO,MICRO
27139,Scott County,MN,METRO
54047,McDowell County,WV,NONE
28087,Lowndes County,MS,MICRO
36089,St. Lawrence County,NY,MICRO
29095,Jackson County,MO,METRO
47105,Loudon County,TN,METRO
36069,Ontario County,NY,METRO
32031,Washoe County,NV,METRO
35007,Colfax County,NM,NONE
48015,Austin County,TX,METRO
19125,Marion County,IA,NONE
39135,Preble County,OH,NONE
18023,Clinton County,IN,MICRO
51750,Radford city,VA,METRO
51081,Greensville County,VA,NONE
48185,Grimes County,TX,NONE
48501,Yoakum County,TX,NONE
35037,Quay County,NM,NONE
31017,Brown County,NE,NONE
13229,Pierce County,GA,MICRO
13099,Early County,GA,NONE
22007,Assumption Parish,LA,NONE
05039,Dallas County,AR,NONE
29003,Andrew County,MO,METRO
29113,Lincoln County,MO,METRO
08009,Baca County,CO,NONE
42091,Montgomery County,PA,METRO
56045,Weston County,WY,NONE
19093,Ida County,IA,NONE
35045,San Juan County,NM,METRO
47023,Chester County,TN,METRO
48289,Leon County,TX,NONE
42067,Juniata County,PA,NONE
12067,Lafayette County,FL,NONE
17173,Shelby County,IL,NONE
72127,San Juan Municipio,PR,METRO
42081,Lycoming County,PA,METRO
41051,Multnomah County,OR,METRO
39123,Ottawa County,OH,MICRO
36029,Erie County,NY,METRO
01061,Geneva County,AL,METRO
51027,Buchanan County,VA,NONE
08017,Cheyenne County,CO,NONE
38013,Burke County,ND,NONE
40089,McCurtain County,OK,NONE
06025,Imperial County,CA,METRO
47021,Cheatham County,TN,METRO
18127,Porter County,IN,METRO
18037,Dubois County,IN,MICRO
13283,Treutlen County,GA,NONE
27169,Winona County,MN,MICRO
48205,Hartley County,TX,NONE
47059,Greene County,TN,MICRO
31045,Dawes County,NE,NONE
40009,Beckham County,OK,MICRO
13307,Webster County,GA,NONE
36055,Monroe County,NY,METRO
37183,Wake County,NC,METRO
29037,Cass County,MO,METRO
12061,Indian River County,FL,METRO
51141,Patrick County,VA,NONE
27039,Dodge County,MN,METRO
40085,Love County,OK,NONE
40127,Pushmataha County,OK,NONE
20209,Wyandotte County,KS,METRO
12071,Lee County,FL,METRO
17197,Will County,IL,METRO
29203,Shannon County,MO,NONE
48069,Castro County,TX,NONE
31065,Furnas County,NE,NONE
18167,Vigo County,IN,METRO
26131,Ontonagon County,MI,NONE
46101,Moody County,SD,NONE
19151,Pocahontas County,IA,NONE
48231,Hunt County,TX,METRO
13003,Atkinson County,GA,NONE
01113,Russell County,AL,METRO
29169,Pulaski County,MO,MICRO
29061,Daviess County,MO,NONE
39175,Wyandot County,OH,NONE
26115,Monroe County,MI,METRO
72049,Culebra Municipio,PR,NONE
21009,Barren County,KY,MICRO
18183,Whitley County,IN,METRO
40015,Caddo County,OK,NONE
41001,Baker County,OR,NONE
55023,Crawford County,WI,NONE
53023,Garfield County,WA,NONE
16005,Bannock County,ID,METRO
48465,Val Verde County,TX,MICRO
55133,Waukesha County,WI,METRO
27003,Anoka County,MN,METRO
08083,Montezuma County,CO,NONE
13189,McDuffie County,GA,METRO
69110,Saipan Municipality,MP,NONE
72029,Canovanas Municipio,PR,METRO
47057,Grainger County,TN,METRO
15005,Kalawao County,HI,METRO
54005,Boone County,WV,METRO
55049,Iowa County,WI,METRO
08081,Moffat County,CO,MICRO
46097,Miner County,SD,NONE
51025,Brunswick County,VA,NONE
27167,Wilkin County,MN,MICRO
21037,Campbell County,KY,METRO
29097,Jasper County,MO,METRO
53011,Clark County,WA,METRO
36065,Oneida County,NY,METRO
47129,Morgan County,TN,METRO
22061,Lincoln Parish,LA,MICRO
27015,Brown County,MN,MICRO
22089,St. Charles Parish,LA,METRO
51683,Manassas city,VA,METRO
48127,Dimmit County,TX,NONE
48307,McCulloch County,TX,NONE
51530,Buena Vista city,VA,NONE
51117,Mecklenburg County,VA,NONE
40067,Jefferson County,OK,NONE
51175,Southampton County,VA,NONE
01013,Butler County,AL,NONE
39143,Sandusky County,OH,MICRO
30015,Chouteau County,MT,NONE
20133,Neosho County,KS,NONE
28151,Washington County,MS,MICRO
39099,Mahoning County,OH,METRO
46049,Faulk County,SD,NONE
24037,St. Mary's County,MD,METRO
05081,Little River County,AR,METRO
55039,Fond du Lac County,WI,METRO
51057,Essex County,VA,NONE
18143,Scott County,IN,METRO
17107,Logan County,IL,MICRO
41003,Benton County,OR,METRO
31075,Grant County,NE,NONE
30045,Judith Basin County,MT,NONE
48049,Brown County,TX,MICRO
54103,Wetzel County,WV,NONE
20037,Crawford County,KS,MICRO
27031,Cook County,MN,NONE
48427,Starr County,TX,MICRO
22005,Ascension Parish,LA,METRO
21017,Bourbon County,KY,METRO
28153,Wayne County,MS,NONE
06109,Tuolumne County,CA,MICRO
37185,Warren County,NC,NONE
48175,Goliad County,TX,METRO
48193,Hamilton County,TX,NONE
30095,Stillwater County,MT,NONE
53071,Walla Walla County,WA,METRO
54055,Mercer County,WV,MICRO
05137,Stone County,AR,NONE
20191,Sumner County,KS,METRO
48409,San Patricio County,TX,METRO
01099,Monroe County,AL,NONE
16067,Minidoka County,ID,MICRO
31061,Franklin County,NE,NONE
06093,Siskiyou County,CA,NONE
17111,McHenry County,IL,METRO
27155,Traverse County,MN,NONE
54099,Wayne County,WV,METRO
37065,Edgecombe County,NC,METRO
28015,Carroll County,MS,MICRO
13145,Harris County,GA,METRO
39007,Ashtabula County,OH,MICRO
55075,Marinette County,WI,MICRO
21023,Bracken County,KY,METRO
48007,Aransas County,TX,METRO
37113,Macon County,NC,NONE
21025,Breathitt County,KY,NONE
51179,Stafford County,VA,METRO
12131,Walton County,FL,METRO
46025,Clark County,SD,NONE
12105,Polk County,FL,METRO
28149,Warren County,MS,MICRO
72039,Ciales Municipio,PR,METRO
20077,Harper County,KS,NONE
17169,Schuyler County,IL,NONE
28141,Tishomingo County,MS,NONE
12089,Nassau County,FL,METRO
46023,Charles Mix County,SD,NONE
12077,Liberty County,FL,NONE
20185,Stafford County,KS,NONE
36017,Chenango County,NY,NONE
05015,Carroll County,AR,NONE
53013,Columbia County,WA,METRO
17083,Jersey County,IL,METRO
47123,Monroe County,TN,NONE
48059,Callahan County,TX,METRO
31153,Sarpy County,NE,METRO
34015,Gloucester County,NJ,METRO
51167,Russell County,VA,NONE
31117,McPherson County,NE,MICRO
38071,Ramsey County,ND,NONE
31121,Merrick County,NE,METRO
72119,Rio Grande Municipio,PR,METRO
13119,Franklin County,GA,NONE
54095,Tyler County,WV,NONE
33019,Sullivan County,NH,MICRO
40013,Bryan County,OK,MICRO
48479,Webb County,TX,METRO
15001,Hawaii County,HI,MICRO
48019,Bandera County,TX,METRO
27085,McLeod County,MN,MICRO
39139,Richland County,OH,METRO
38033,Golden Valley County,ND,NONE
06059,Orange County,CA,METRO
30065,Musselshell County,MT,NONE
37103,Jones County,NC,METRO
21109,Jackson County,KY,NONE
17125,Mason County,IL,NONE
53073,Whatcom County,WA,METRO
26125,Oakland County,MI,METRO
01087,Macon County,AL,NONE
38081,Sargent County,ND,NONE
13105,Elbert County,GA,NONE
37077,Granville County,NC,MICRO
37047,Columbus County,NC,NONE
13279,Toombs County,GA,MICRO
29171,Putnam County,MO,NONE
40065,Jackson County,OK,MICRO
19103,Johnson County,IA,METRO
20177,Shawnee County,KS,METRO
13181,Lincoln County,GA,METRO
17201,Winnebago County,IL,METRO
01069,Houston County,AL,METRO
13025,Brantley County,GA,METRO
48377,Presidio County,TX,NONE
37023,Burke County,NC,METRO
13109,Evans County,GA,NONE
48239,Jackson County,TX,NONE
20183,Smith County,KS,NONE
51121,Montgomery County,VA,METRO
12027,DeSoto County,FL,MICRO
28071,Lafayette County,MS,MICRO
19081,Hancock County,IA,NONE
42073,Lawrence County,PA,MICRO
25001,Barnstable County,MA,METRO
18051,Gibson County,IN,NONE
29125,Maries County,MO,NONE
20011,Bourbon County,KS,NONE
08007,Archuleta County,CO,NONE
42119,Union County,PA,MICRO
36023,Cortland County,NY,MICRO
48379,Rains County,TX,NONE
18123,Perry County,IN,NONE
48259,Kendall County,TX,METRO
42057,Fulton County,PA,NONE
20071,Greeley County,KS,NONE
38009,Bottineau County,ND,NONE
48449,Titus County,TX,MICRO
19175,Union County,IA,NONE
13187,Lumpkin County,GA,NONE
13223,Paulding County,GA,METRO
27023,Chippewa County,MN,NONE
05075,Lawrence County,AR,NONE
36025,Delaware County,NY,NONE
22111,Union Parish,LA,METRO
26141,Presque Isle County,MI,NONE
31089,Holt County,NE,NONE
45063,Lexington County,SC,METRO
42011,Berks County,PA,METRO
16041,Franklin County,ID,METRO
27007,Beltrami County,MN,MICRO
22049,Jackson Parish,LA,NONE
25009,Essex County,MA,METRO
38049,McHenry County,ND,MICRO
01105,Perry County,AL,NONE
13195,Madison County,GA,METRO
36091,Saratoga County,NY,METRO
13157,Jackson County,GA,MICRO
26017,Bay County,MI,METRO
04007,Gila County,AZ,MICRO
29033,Carroll County,MO,NONE
18099,Marshall County,IN,MICRO
16047,Gooding County,ID,NONE
36111,Ulster County,NY,METRO
19009,Audubon County,IA,NONE
48381,Randall County,TX,METRO
27011,Big Stone County,MN,NONE
38003,Barnes County,ND,NONE
31085,Hayes County,NE,NONE
20149,Pottawatomie County,KS,METRO
51145,Powhatan County,VA,METRO
46059,Hand County,SD,NONE
21077,Gallatin County,KY,METRO
51023,Botetourt County,VA,METRO
28111,Perry County,MS,METRO
55067,Langlade County,WI,NONE
42125,Washington County,PA,METRO
21131,Leslie County,KY,NONE
55043,Grant County,WI,MICRO
04027,Yuma County,AZ,METRO
35015,Eddy County,NM,MICRO
31111,Lincoln County,NE,MICRO
35013,Dona Ana County,NM,METRO
29079,Grundy County,MO,NONE
19109,Kossuth County,IA,NONE
17151,Pope County,IL,NONE
09005,Litchfield County,CT,MICRO
17137,Morgan County,IL,MICRO
19143,Osceola County,IA,NONE
29165,Platte County,MO,METRO
51113,Madison County,VA,NONE
01037,Coosa County,AL,MICRO
19053,Decatur County,IA,NONE
10001,Kent County,DE,METRO
17145,Perry County,IL,NONE
27017,Carlton County,MN,METRO
46087,McCook County,SD,METRO
31095,Jefferson County,NE,NONE
48467,Van Zandt County,TX,NONE
42075,Lebanon County,PA,METRO
05099,Nevada County,AR,NONE
40063,Hughes County,OK,NONE
37111,McDowell County,NC,MICRO
26009,Antrim County,MI,NONE
39067,Harrison County,OH,NONE
22073,Ouachita Parish,LA,METRO
51085,Hanover County,VA,METRO
32005,Douglas County,NV,MICRO
28051,Holmes County,MS,NONE
29197,Schuyler County,MO,MICRO
48237,Jack County,TX,NONE
39045,Fairfield County,OH,METRO
51775,Salem city,VA,METRO
54007,Braxton County,WV,NONE
42093,Montour County,PA,METRO
39125,Paulding County,OH,NONE
13167,Johnson County,GA,MICRO
37025,Cabarrus County,NC,METRO
55127,Walworth County,WI,MICRO
39155,Trumbull County,OH,METRO
19173,Taylor County,IA,NONE
36067,Onondaga County,NY,METRO
40081,Lincoln County,OK,METRO
10003,New Castle County,DE,METRO
05017,Chicot County,AR,NONE
17161,Rock Island County,IL,METRO
26139,Ottawa County,MI,METRO
44001,Bristol County,RI,METRO
04012,La Paz County,AZ,NONE
48047,Brooks County,TX,NONE
42111,Somerset County,PA,MICRO
21061,Edmonson County,KY,METRO
08073,Lincoln County,CO,NONE
08111,San Juan County,CO,NONE
55027,Dodge County,WI,MICRO
37187,Washington County,NC,NONE
48323,Maverick County,TX,MICRO
31147,Richardson County,NE,NONE
39149,Shelby County,OH,MICRO
40003,Alfalfa County,OK,NONE
22107,Tensas Parish,LA,NONE
48459,Upshur County,TX,METRO
49051,Wasatch County,UT,MICRO
55015,Calumet County,WI,METRO
05097,Montgomery County,AR,NONE
54031,Hardy County,WV,NONE
48203,Harrison County,TX,MICRO
55079,Milwaukee County,WI,METRO
13259,Stewart County,GA,NONE
37099,Jackson County,NC,MICRO
12003,Baker County,FL,METRO
72083,Las Marias Municipio,PR,NONE
37071,Gaston County,NC,METRO
29047,Clay County,MO,METRO
08109,Saguache County,CO,NONE
51049,Cumberland County,VA,NONE
27061,Itasca County,MN,NONE
48503,Young County,TX,NONE
27091,Martin County,MN,NONE
13037,Calhoun County,GA,NONE
39003,Allen County,OH,METRO
05129,Searcy County,AR,NONE
39037,Darke County,OH,MICRO
54003,Berkeley County,WV,METRO
13163,Jefferson County,GA,NONE
39105,Meigs County,OH,NONE
39065,Hardin County,OH,NONE
38085,Sioux County,ND,METRO
21043,Carter County,KY,NONE
27115,Pine County,MN,NONE
29107,Lafayette County,MO,METRO
29143,New Madrid County,MO,NONE
40043,Dewey County,OK,NONE
39111,Monroe County,OH,NONE
51127,New Kent County,VA,METRO
12107,Putnam County,FL,MICRO
26031,Cheboygan County,MI,NONE
38029,Emmons County,ND,NONE
26145,Saginaw County,MI,METRO
29173,Ralls County,MO,MICRO
51077,Grayson County,VA,NONE
17139,Moultrie County,IL,NONE
45029,Colleton County,SC,NONE
51036,Charles City County,VA,METRO
18071,Jackson County,IN,MICRO
20187,Stanton County,KS,NONE
54027,Hampshire County,WV,METRO
29105,Laclede County,MO,MICRO
17097,Lake County,IL,METRO
72003,Aguada Municipio,PR,METRO
41033,Josephine County,OR,METRO
36121,Wyoming County,NY,NONE
18163,Vanderburgh County,IN,METRO
42079,Luzerne County,PA,METRO
27163,Washington County,MN,METRO
27083,Lyon County,MN,MICRO
12101,Pasco County,FL,METRO
20047,Edwards County,KS,NONE
47133,Overton County,TN,MICRO
48325,Medina County,TX,METRO
48115,Dawson County,TX,MICRO
18145,Shelby County,IN,METRO
05023,Cleburne County,AR,NONE
36095,Schoharie County,NY,METRO
31113,Logan County,NE,MICRO
48357,Ochiltree County,TX,NONE
40035,Craig County,OK,NONE
17123,Marshall County,IL,METRO
54033,Harrison County,WV,MICRO
55033,Dunn County,WI,MICRO
48423,Smith County,TX,METRO
31161,Sheridan County,NE,NONE
39097,Madison County,OH,METRO
40145,Wagoner County,OK,METRO
22109,Terrebonne Parish,LA,METRO
27033,Cottonwood County,MN,NONE
40017,Canadian County,OK,METRO
39165,Warren County,OH,METRO
48257,Kaufman County,TX,METRO
72153,Yauco Municipio,PR,METRO
45065,McCormick County,SC,NONE
40059,Harper County,OK,NONE
20197,Wabaunsee County,KS,METRO
21097,Harrison County,KY,NONE
18075,Jay County,IN,NONE
13061,Clay County,GA,NONE
41047,Marion County,OR,METRO
50027,Windsor County,VT,MICRO
53027,Grays Harbor County,WA,MICRO
28063,Jefferson County,MS,NONE
47169,Trousdale County,TN,METRO
20155,Reno County,KS,MICRO
49007,Carbon County,UT,MICRO
48173,Glasscock County,TX,MICRO
31139,Pierce County,NE,MICRO
47073,Hawkins County,TN,METRO
22065,Madison Parish,LA,NONE
21195,Pike County,KY,NONE
26087,Lapeer County,MI,METRO
13117,Forsyth County,GA,METRO
24023,Garrett County,MD,NONE
38075,Renville County,ND,MICRO
17187,Warren County,IL,NONE
20147,Phillips County,KS,NONE
21201,Robertson County,KY,NONE
53021,Franklin County,WA,METRO
22087,St. Bernard Parish,LA,METRO
02060,Bristol Bay Borough,AK,NONE
13035,Butts County,GA,METRO
06081,San Mateo County,CA,METRO
12091,Okaloosa County,FL,METRO
72129,San Lorenzo Municipio,PR,METRO
08105,Rio Grande County,CO,NONE
48149,Fayette County,TX,NONE
30057,Madison County,MT,NONE
72015,Arroyo Municipio,PR,METRO
22091,St. Helena Parish,LA,METRO
13075,Cook County,GA,NONE
40049,Garvin County,OK,NONE
48283,La Salle County,TX,NONE
06079,San Luis Obispo County,CA,METRO
36101,Steuben County,NY,MICRO
19073,Greene County,IA,NONE
26077,Kalamazoo County,MI,METRO
29151,Osage County,MO,METRO
18131,Pulaski County,IN,NONE
31163,Sherman County,NE,NONE
17061,Greene County,IL,NONE
72111,Penuelas Municipio,PR,METRO
48061,Cameron County,TX,METRO
21021,Boyle County,KY,MICRO
20139,Osage County,KS,METRO
25015,Hampshire County,MA,METRO
01077,Lauderdale County,AL,METRO
01093,Marion County,AL,NONE
17113,McLean County,IL,METRO
40053,Grant County,OK,NONE
28013,Calhoun County,MS,NONE
20055,Finney County,KS,MICRO
48475,Ward County,TX,NONE
48253,Jones County,TX,METRO
21015,Boone County,KY,METRO
04019,Pima County,AZ,METRO
20169,Saline County,KS,MICRO
12086,Miami-Dade County,FL,METRO
08061,Kiowa County,CO,NONE
30099,Teton County,MT,NONE
56029,Park County,WY,NONE
48411,San Saba County,TX,NONE
21047,Christian County,KY,METRO
28085,Lincoln County,MS,MICRO
19005,Allamakee County,IA,NONE
40051,Grady County,OK,METRO
30025,Fallon County,MT,NONE
38011,Bowman County,ND,NONE
19001,Adair County,IA,NONE
45053,Jasper County,SC,METRO
48227,Howard County,TX,MICRO
40033,Cotton County,OK,METRO
49031,Piute County,UT,NONE
31149,Rock County,NE,NONE
36049,Lewis County,NY,NONE
08051,Gunnison County,CO,NONE
56015,Goshen County,WY,NONE
17091,Kankakee County,IL,METRO
48187,Guadalupe County,TX,METRO
20029,Cloud County,KS,NONE
51135,Nottoway County,VA,NONE
28139,Tippah County,MS,NONE
20005,Atchison County,KS,MICRO
21011,Bath County,KY,MICRO
18101,Martin County,IN,NONE
26041,Delta County,MI,MICRO
47075,Haywood County,TN,NONE
22097,St. Landry Parish,LA,MICRO
42023,Cameron County,PA,NONE
51550,Chesapeake city,VA,METRO
50009,Essex County,VT,MICRO
39153,Summit County,OH,METRO
21039,Carlisle County,KY,NONE
36045,Jefferson County,NY,METRO
18109,Morgan County,IN,METRO
42035,Clinton County,PA,MICRO
29041,Chariton County,MO,NONE
02170,Matanuska-Susitna Borough,AK,METRO
48291,Liberty County,TX,METRO
37093,Hoke County,NC,METRO
48285,Lavaca County,TX,NONE
21199,Pulaski County,KY,MICRO
08019,Clear Creek County,CO,METRO
23025,Somerset County,ME,NONE
04017,Navajo County,AZ,MICRO
28099,Neshoba County,MS,NONE
72035,Cayey Municipio,PR,METRO
27067,Kandiyohi County,MN,MICRO
26065,Ingham County,MI,METRO
48075,Childress County,TX,NONE
01095,Marshall County,AL,MICRO
45001,Abbeville County,SC,MICRO
22125,West Feliciana Parish,LA,METRO
13021,Bibb County,GA,METRO
29065,Dent County,MO,NONE
20023,Cheyenne County,KS,NONE
26005,Allegan County,MI,MICRO
29007,Audrain County,MO,MICRO
05029,Conway County,AR,NONE
16083,Twin Falls County,ID,MICRO
16061,Lewis County,ID,NONE
48085,Collin County,TX,METRO
12127,Volusia County,FL,METRO
13185,Lowndes County,GA,METRO
20045,Douglas County,KS,METRO
13233,Polk County,GA,MICRO
21087,Green County,KY,NONE
35028,Los Alamos County,NM,MICRO
26035,Clare County,MI,NONE
48271,Kinney County,TX,NONE
42063,Indiana County,PA,MICRO
47179,Washington County,TN,METRO
13303,Washington County,GA,NONE
51067,Franklin County,VA,METRO
40093,Major County,OK,NONE
53049,Pacific County,WA,NONE
29025,Caldwell County,MO,METRO
48207,Haskell County,TX,NONE
54019,Fayette County,WV,METRO
18017,Cass County,IN,MICRO
48209,Hays County,TX,METRO
13107,Emanuel County,GA,NONE
37039,Cherokee County,NC,NONE
27109,Olmsted County,MN,METRO
51091,Highland County,VA,NONE
05135,Sharp County,AR,NONE
55123,Vernon County,WI,NONE
37123,Montgomery County,NC,NONE
21235,Whitley County,KY,MICRO
08055,Huerfano County,CO,NONE
29161,Phelps County,MO,MICRO
20199,Wallace County,KS,NONE
22075,Plaquemines Parish,LA,METRO
13015,Bartow County,GA,METRO
35017,Grant County,NM,MICRO
27057,Hubbard County,MN,NONE
53061,Snohomish County,WA,METRO
48397,Rockwall County,TX,METRO
51199,York County,VA,METRO
56027,Niobrara County,WY,NONE
26123,Newaygo County,MI,NONE
53041,Lewis County,WA,MICRO
44005,Newport County,RI,METRO
21227,Warren County,KY,METRO
21187,Owen County,KY,NONE
72109,Patillas Municipio,PR,METRO
51650,Hampton city,VA,METRO
56003,Big Horn County,WY,NONE
30059,Meagher County,MT,NONE
05141,Van Buren County,AR,NONE
36083,Rensselaer County,NY,METRO
12117,Seminole County,FL,METRO
39073,Hocking County,OH,METRO
48133,Eastland County,TX,NONE
19145,Page County,IA,NONE
18181,White County,IN,NONE
18043,Floyd County,IN,METRO
20019,Chautauqua County,KS,NONE
29057,Dade County,MO,NONE
30035,Glacier County,MT,NONE
38007,Billings County,ND,NONE
20207,Woodson County,KS,NONE
16007,Bear Lake County,ID,NONE
53059,Skamania County,WA,METRO
13125,Glascock County,GA,NONE
21117,Kenton County,KY,METRO
47049,Fentress County,TN,NONE
51133,Northumberland County,VA,NONE
08047,Gilpin County,CO,METRO
28103,Noxubee County,MS,NONE
47161,Stewart County,TN,NONE
23031,York County,ME,METRO
40027,Cleveland County,OK,METRO
02198,Prince of Wales-Hyder Census Area,AK,NONE
26129,Ogemaw County,MI,NONE
38093,Stutsman County,ND,MICRO
19159,Ringgold County,IA,NONE
49009,Daggett County,UT,NONE
46031,Corson County,SD,NONE
29119,McDonald County,MO,METRO
17005,Bond County,IL,METRO
08053,Hinsdale County,CO,NONE
18011,Boone County,IN,METRO
55045,Green County,WI,METRO
55139,Winnebago County,WI,METRO
51043,Clarke County,VA,METRO
16029,Caribou County,ID,NONE
16039,Elmore County,ID,MICRO
48499,Wood County,TX,NONE
20009,Barton County,KS,MICRO
42041,Cumberland County,PA,METRO
18139,Rush County,IN,NONE
53039,Klickitat County,WA,NONE
28093,Marshall County,MS,METRO
27129,Renville County,MN,NONE
12057,Hillsborough County,FL,METRO
30107,Wheatland County,MT,NONE
35005,Chaves County,NM,MICRO
18133,Putnam County,IN,METRO
56013,Fremont County,WY,MICRO
28001,Adams County,MS,MICRO
22105,Tangipahoa Parish,LA,METRO
34021,Mercer County,NJ,METRO
21033,Caldwell County,KY,NONE
20165,Rush County,KS,NONE
54059,Mingo County,WV,NONE
30031,Gallatin County,MT,MICRO
53053,Pierce County,WA,METRO
42007,Beaver County,PA,METRO
49039,Sanpete County,UT,NONE
36081,Queens County,NY,METRO
42005,Armstrong County,PA,METRO
72133,Santa Isabel Municipio,PR,MICRO
51031,Campbell County,VA,METRO
13311,White County,GA,NONE
13177,Lee County,GA,METRO
46033,Custer County,SD,METRO
55031,Douglas County,WI,METRO
26127,Oceana County,MI,NONE
13071,Colquitt County,GA,MICRO
51001,Accomack County,VA,NONE
13217,Newton County,GA,METRO
31155,Saunders County,NE,METRO
01083,Limestone County,AL,METRO
29073,Gasconade County,MO,NONE
31059,Fillmore County,NE,NONE
28059,Jackson County,MS,METRO
21119,Knott County,KY,NONE
20061,Geary County,KS,MICRO
42129,Westmoreland County,PA,METRO
05045,Faulkner County,AR,METRO
22123,West Carroll Parish,LA,NONE
29005,Atchison County,MO,NONE
27113,Pennington County,MN,NONE
05079,Lincoln County,AR,METRO
17189,Washington County,IL,NONE
29135,Moniteau County,MO,METRO
08125,Yuma County,CO,NONE
37035,Catawba County,NC,METRO
05101,Newton County,AR,MICRO
01125,Tuscaloosa County,AL,METRO
54093,Tucker County,WV,NONE
36115,Washington County,NY,METRO
45027,Clarendon County,SC,NONE
51125,Nelson County,VA,METRO
36011,Cayuga County,NY,MICRO
31175,Valley County,NE,NONE
02020,Anchorage Municipality,AK,METRO
05063,Independence County,AR,MICRO
31049,Deuel County,NE,NONE
72021,Bayamon Municipio,PR,METRO
26099,Macomb County,MI,METRO
06097,Sonoma County,CA,METRO
18069,Huntington County,IN,MICRO
21207,Russell County,KY,NONE
51685,Manassas Park city,VA,METRO
46053,Gregory County,SD,NONE
49033,Rich County,UT,NONE
13319,Wilkinson County,GA,NONE
40117,Pawnee County,OK,METRO
35031,McKinley County,NM,MICRO
06021,Glenn County,CA,NONE
37197,Yadkin County,NC,METRO
30051,Liberty County,MT,NONE
47065,Hamilton County,TN,METRO
54029,Hancock County,WV,METRO
20135,Ness County,KS,NONE
48107,Crosby County,TX,METRO
19031,Cedar County,IA,NONE
12109,St. Johns County,FL,METRO
40079,Le Flore County,OK,METRO
29049,Clinton County,MO,METRO
40087,McClain County,OK,METRO
47017,Carroll County,TN,NONE
54043,Lincoln County,WV,METRO
47093,Knox County,TN,METRO
18137,Ripley County,IN,NONE
27013,Blue Earth County,MN,METRO
42047,Elk County,PA,NONE
06057,Nevada County,CA,MICRO
44009,Washington County,RI,METRO
31019,Buffalo County,NE,MICRO
27037,Dakota County,MN,METRO
51155,Pulaski County,VA,METRO
20091,Johnson County,KS,METRO
35059,Union County,NM,NONE
24003,Anne Arundel County,MD,METRO
31077,Greeley County,NE,NONE
21151,Madison County,KY,MICRO
48481,Wharton County,TX,MICRO
72065,Hatillo Municipio,PR,METRO
29087,Holt County,MO,NONE
30075,Powder River County,MT,NONE
24009,Calvert County,MD,METRO
42049,Erie County,PA,METRO
31183,Wheeler County,NE,NONE
31083,Harlan County,NE,NONE
13063,Clayton County,GA,METRO
48165,Gaines County,TX,NONE
13065,Clinch County,GA,NONE
19067,Floyd County,IA,NONE
12111,St. Lucie County,FL,METRO
27053,Hennepin County,MN,METRO
20063,Gove County,KS,NONE
18177,Wayne County,IN,MICRO
48395,Robertson County,TX,METRO
21233,Webster County,KY,NONE
56007,Carbon County,WY,NONE
21067,Fayette County,KY,METRO
40069,Johnston County,OK,NONE
21129,Lee County,KY,NONE
29227,Worth County,MO,NONE
12015,Charlotte County,FL,METRO
40055,Greer County,OK,NONE
69100,Rota Municipality,MP,NONE
35049,Santa Fe County,NM,METRO
48081,Coke County,TX,NONE
45057,Lancaster County,SC,METRO
12011,Broward County,FL,METRO
35023,Hidalgo County,NM,NONE
28005,Amite County,MS,MICRO
47131,Obion County,TN,MICRO
21055,Crittenden County,KY,NONE
01117,Shelby County,AL,METRO
48469,Victoria County,TX,METRO
18073,Jasper County,IN,METRO
16049,Idaho County,ID,NONE
13093,Dooly County,GA,NONE
16001,Ada County,ID,METRO
41037,Lake County,OR,NONE
53019,Ferry County,WA,NONE
36019,Clinton County,NY,MICRO
29063,DeKalb County,MO,METRO
31105,Kimball County,NE,NONE
29129,Mercer County,MO,NONE
31145,Red Willow County,NE,NONE
13221,Oglethorpe County,GA,METRO
27049,Goodhue County,MN,MICRO
13251,Screven County,GA,NONE
02180,Nome Census Area,AK,NONE
13285,Troup County,GA,MICRO
55129,Washburn County,WI,NONE
22099,St. Martin Parish,LA,METRO
17147,Piatt County,IL,METRO
20099,Labette County,KS,MICRO
20129,Morton County,KS,NONE
40143,Tulsa County,OK,METRO
06063,Plumas County,CA,NONE
26143,Roscommon County,MI,NONE
55007,Bayfield County,WI,NONE
26155,Shiawassee County,MI,MICRO
28105,Oktibbeha County,MS,MICRO
39101,Marion County,OH,MICRO
51015,Augusta County,VA,METRO
48315,Marion County,TX,NONE
30001,Beaverhead County,MT,NONE
40125,Pottawatomie County,OK,MICRO
48303,Lubbock County,TX,METRO
29149,Oregon County,MO,NONE
13031,Bulloch County,GA,MICRO
42099,Perry County,PA,METRO
31023,Butler County,NE,NONE
48171,Gillespie County,TX,MICRO
42123,Warren County,PA,MICRO
54071,Pendleton County,WV,NONE
53001,Adams County,WA,MICRO
39017,Butler County,OH,METRO
32013,Humboldt County,NV,MICRO
17103,Lee County,IL,MICRO
26063,Huron County,MI,NONE
46035,Davison County,SD,MICRO
13097,Douglas County,GA,METRO
17109,McDonough County,IL,MICRO
17117,Macoupin County,IL,METRO
48375,Potter County,TX,METRO
36079,Putnam County,NY,METRO
06077,San Joaquin County,CA,METRO
48249,Jim Wells County,TX,MICRO
51185,Tazewell County,VA,MICRO
05073,Lafayette County,AR,NONE
15003,Honolulu County,HI,METRO
38077,Richland County,ND,MICRO
31001,Adams County,NE,MICRO
08005,Arapahoe County,CO,METRO
36085,Richmond County,NY,METRO
39059,Guernsey County,OH,MICRO
49053,Washington County,UT,METRO
12023,Columbia County,FL,MICRO
39127,Perry County,OH,METRO
31173,Thurston County,NE,NONE
51670,Hopewell city,VA,METRO
31181,Webster County,NE,NONE
39071,Highland County,OH,NONE
72007,Aguas Buenas Municipio,PR,METRO
72069,Humacao Municipio,PR,METRO
19099,Jasper County,IA,MICRO
18077,Jefferson County,IN,MICRO
47039,Decatur County,TN,NONE
18027,Daviess County,IN,MICRO
37101,Johnston County,NC,METRO
51678,Lexington city,VA,NONE
47045,Dyer County,TN,MICRO
47189,Wilson County,TN,METRO
48497,Wise County,TX,METRO
48109,Culberson County,TX,NONE
39173,Wood County,OH,METRO
26165,Wexford County,MI,MICRO
29001,Adair County,MO,MICRO
20081,Haskell County,KS,NONE
06105,Trinity County,CA,NONE
51187,Warren County,VA,METRO
19087,Henry County,IA,NONE
26039,Crawford County,MI,NONE
01109,Pike County,AL,MICRO
51153,Prince William County,VA,METRO
46067,Hutchinson County,SD,NONE
51021,Bland County,VA,NONE
29059,Dallas County,MO,METRO
18079,Jennings County,IN,MICRO
23021,Piscataquis County,ME,NONE
55103,Richland County,WI,NONE
20179,Sheridan County,KS,NONE
48483,Wheeler County,TX,NONE
48485,Wichita County,TX,METRO
17183,Vermilion County,IL,METRO
04023,Santa Cruz County,AZ,MICRO
20067,Grant County,KS,NONE
45041,Florence County,SC,METRO
54045,Logan County,WV,MICRO
36113,Warren County,NY,METRO
29195,Saline County,MO,MICRO
48079,Cochran County,TX,NONE
08091,Ouray County,CO,NONE
31171,Thomas County,NE,NONE
48393,Roberts County,TX,NONE
48067,Cass County,TX,NONE
29219,Warren County,MO,METRO
20015,Butler County,KS,METRO
53033,King County,WA,METRO
51157,Rappahannock County,VA,METRO
48095,Concho County,TX,NONE
41059,Umatilla County,OR,MICRO
29013,Bates County,MO,METRO
27143,Sibley County,MN,METRO
21237,Wolfe County,KY,NONE
37095,Hyde County,NC,NONE
39091,Logan County,OH,MICRO
06015,Del Norte County,CA,MICRO
23011,Kennebec County,ME,MICRO
12069,Lake County,FL,METRO
26137,Otsego County,MI,NONE
28095,Monroe County,MS,NONE
27099,Mower County,MN,MICRO
39055,Geauga County,OH,METRO
37199,Yancey County,NC,NONE
55003,Ashland County,WI,NONE
27097,Morrison County,MN,NONE
18083,Knox County,IN,MICRO
40061,Haskell County,OK,NONE
30091,Sheridan County,MT,NONE
36087,Rockland County,NY,METRO
19029,Cass County,IA,NONE
37147,Pitt County,NC,METRO
42021,Cambria County,PA,METRO
01025,Clarke County,AL,NONE
54035,Jackson County,WV,NONE
18047,Franklin County,IN,NONE
05089,Marion County,AR,NONE
20123,Mitchell County,KS,NONE
48063,Camp County,TX,NONE
37031,Carteret County,NC,MICRO
13245,Richmond County,GA,METRO
17141,Ogle County,IL,MICRO
13149,Heard County,GA,METRO
54077,Preston County,WV,METRO
36003,Allegany County,NY,NONE
02290,Yukon-Koyukuk Census Area,AK,NONE
72089,Luquillo Municipio,PR,METRO
72047,Corozal Municipio,PR,METRO
54057,Mineral County,WV,METRO
48045,Briscoe County,TX,NONE
36071,Orange County,NY,METRO
29186,Ste. Genevieve County,MO,NONE
29185,St. Clair County,MO,NONE
45049,Hampton County,SC,NONE
39035,Cuyahoga County,OH,METRO
54107,Wood County,WV,METRO
01091,Marengo County,AL,NONE
46055,Haakon County,SD,NONE
13083,Dade County,GA,METRO
20131,Nemaha County,KS,NONE
54021,Gilmer County,WV,NONE
46057,Hamlin County,SD,NONE
25013,Hampden County,MA,METRO
42121,Venango County,PA,MICRO
34003,Bergen County,NJ,METRO
34011,Cumberland County,NJ,METRO
28131,Stone County,MS,NONE
55053,Jackson County,WI,NONE
42117,Tioga County,PA,NONE
17073,Henry County,IL,METRO
16003,Adams County,ID,NONE
27087,Mahnomen County,MN,NONE
01009,Blount County,AL,METRO
28047,Harrison County,MS,METRO
16081,Teton County,ID,MICRO
06107,Tulare County,CA,METRO
39129,Pickaway County,OH,METRO
38079,Rolette County,ND,NONE
08057,Jackson County,CO,NONE
06069,San Benito County,CA,METRO
48419,Shelby County,TX,NONE
38015,Burleigh County,ND,METRO
27157,Wabasha County,MN,METRO
17031,Cook County,IL,METRO
31067,Gage County,NE,MICRO
28135,Tallahatchie County,MS,NONE
05091,Miller County,AR,METRO
45009,Bamberg County,SC,NONE
72051,Dorado Municipio,PR,METRO
26133,Osceola County,MI,NONE
06075,San Francisco County,CA,METRO
50019,Orleans County,VT,NONE
19191,Winneshiek County,IA,NONE
55073,Marathon County,WI,METRO
72123,Salinas Municipio,PR,MICRO
13207,Monroe County,GA,METRO
39107,Mercer County,OH,MICRO
39029,Columbiana County,OH,MICRO
29177,Ray County,MO,METRO
27137,St. Louis County,MN,METRO
37171,Surry County,NC,MICRO
18093,Lawrence County,IN,MICRO
27147,Steele County,MN,MICRO
55011,Buffalo County,WI,NONE
23023,Sagadahoc County,ME,METRO
18025,Crawford County,IN,NONE
20167,Russell County,KS,NONE
48331,Milam County,TX,NONE
13197,Marion County,GA,METRO
27055,Houston County,MN,METRO
13127,Glynn County,GA,METRO
47099,Lawrence County,TN,MICRO
41063,Wallowa County,OR,NONE
37055,Dare County,NC,MICRO
06009,Calaveras County,CA,NONE
39069,Henry County,OH,NONE
16063,Lincoln County,ID,MICRO
30109,Wibaux County,MT,NONE
48223,Hopkins County,TX,MICRO
46109,Roberts County,SD,NONE
42095,Northampton County,PA,METRO
51760,Richmond city,VA,METRO
18153,Sullivan County,IN,METRO
36077,Otsego County,NY,MICRO
29175,Randolph County,MO,MICRO
37133,Onslow County,NC,METRO
69120,Tinian Municipality,MP,NONE
02013,Aleutians East Borough,AK,NONE
35009,Curry County,NM,MICRO
36061,New York County,NY,METRO
40095,Marshall County,OK,NONE
08027,Custer County,CO,NONE
55125,Vilas County,WI,NONE
45003,Aiken County,SC,METRO
55025,Dane County,WI,METRO
47145,Roane County,TN,METRO
17023,Clark County,IL,NONE
01071,Jackson County,AL,MICRO
51147,Prince Edward County,VA,NONE
46063,Harding County,SD,NONE
45085,Sumter County,SC,METRO
48351,Newton County,TX,METRO
01047,Dallas County,AL,MICRO
20157,Republic County,KS,NONE
29117,Livingston County,MO,NONE
16053,Jerome County,ID,MICRO
72063,Gurabo Municipio,PR,METRO
02050,Bethel Census Area,AK,NONE
29099,Jefferson County,MO,METRO
21069,Fleming County,KY,NONE
